Ckey,Call_Num,Symph_Bar,Druid,Purl,Title
9393251,G7823 .X6 SVAR .D7 SHEET 2,36105216291836,zs294rt8384,https://purl.stanford.edu/zs294rt8384,Xinjiang quan sheng yu di tu
9393251,G7823 .X6 SVAR .D7 SHEET 17,36105216291984,nh646pw5035,https://purl.stanford.edu/nh646pw5035,Xinjiang quan sheng yu di tu
9393251,G7823 .X6 SVAR .D7 SHEET 23,36105216292040,dn865bv7020,https://purl.stanford.edu/dn865bv7020,Xinjiang quan sheng yu di tu
9393251,G7823 .X6 SVAR .D7 SHEET 35,36105216291539,rb807yj1529,https://purl.stanford.edu/rb807yj1529,Xinjiang quan sheng yu di tu
9393251,G7823 .X6 SVAR .D7 SHEET 5,36105216291869,ff178gx0656,https://purl.stanford.edu/ff178gx0656,Xinjiang quan sheng yu di tu
9393251,G7823 .X6 SVAR .D7 SHEET 48,36105216291661,hz413nq8386,https://purl.stanford.edu/hz413nq8386,Xinjiang quan sheng yu di tu
9393251,G7823 .X6 SVAR .D7 SHEET 38,36105216291562,fy808jz6883,https://purl.stanford.edu/fy808jz6883,Xinjiang quan sheng yu di tu
9393251,G7823 .X6 SVAR .D7 SHEET 8,36105216291893,jm103sv6063,https://purl.stanford.edu/jm103sv6063,Xinjiang quan sheng yu di tu
9393251,G7823 .X6 SVAR .D7 SHEET 22,36105216292032,pz720rv2307,https://purl.stanford.edu/pz720rv2307,Xinjiang quan sheng yu di tu
9393251,G7823 .X6 SVAR .D7 SHEET 55,36105216291737,hs524yw3981,https://purl.stanford.edu/hs524yw3981,Xinjiang quan sheng yu di tu
9393251,G7823 .X6 SVAR .D7 SHEET 34,36105216291521,cy146tz1882,https://purl.stanford.edu/cy146tz1882,Xinjiang quan sheng yu di tu
9393251,G7823 .X6 SVAR .D7 SHEET 57,36105216291752,sg238ny6871,https://purl.stanford.edu/sg238ny6871,Xinjiang quan sheng yu di tu
9393251,G7823 .X6 SVAR .D7 SHEET 54,36105216291729,hd861yp4542,https://purl.stanford.edu/hd861yp4542,Xinjiang quan sheng yu di tu
9393251,G7823 .X6 SVAR .D7 SHEET 7,36105216291885,cf330bd8672,https://purl.stanford.edu/cf330bd8672,Xinjiang quan sheng yu di tu
9393251,G7823 .X6 SVAR .D7 SHEET 10,36105216291919,tg414ks1530,https://purl.stanford.edu/tg414ks1530,Xinjiang quan sheng yu di tu
9393251,G7823 .X6 SVAR .D7 SHEET 11,36105216291927,bd013kj6147,https://purl.stanford.edu/bd013kj6147,Xinjiang quan sheng yu di tu
9393251,G7823 .X6 SVAR .D7 SHEET 28,36105216292099,xt214hs7692,https://purl.stanford.edu/xt214hs7692,Xinjiang quan sheng yu di tu
9393251,G7823 .X6 SVAR .D7 SHEET 47,36105216291653,kx336vz1954,https://purl.stanford.edu/kx336vz1954,Xinjiang quan sheng yu di tu
9393251,G7823 .X6 SVAR .D7 SHEET 9,36105216291901,zz183pk5961,https://purl.stanford.edu/zz183pk5961,Xinjiang quan sheng yu di tu
9393251,G7823 .X6 SVAR .D7 SHEET 58,36105216291760,vs690nn4074,https://purl.stanford.edu/vs690nn4074,Xinjiang quan sheng yu di tu
9393251,G7823 .X6 SVAR .D7 SHEET 32,36105216291505,yt389kk7465,https://purl.stanford.edu/yt389kk7465,Xinjiang quan sheng yu di tu
9393251,G7823 .X6 SVAR .D7 SHEET 49,36105216291679,vq901cg5502,https://purl.stanford.edu/vq901cg5502,Xinjiang quan sheng yu di tu
9393251,G7823 .X6 SVAR .D7 SHEET 33,36105216291513,jg807rr4186,https://purl.stanford.edu/jg807rr4186,Xinjiang quan sheng yu di tu
9393251,G7823 .X6 SVAR .D7 SHEET 37,36105216291554,dn147hk9326,https://purl.stanford.edu/dn147hk9326,Xinjiang quan sheng yu di tu
9393251,G7823 .X6 SVAR .D7 SHEET 45,36105216291638,mv536xx2775,https://purl.stanford.edu/mv536xx2775,Xinjiang quan sheng yu di tu
9393251,G7823 .X6 SVAR .D7 SHEET 43,36105216291612,xq568cr0151,https://purl.stanford.edu/xq568cr0151,Xinjiang quan sheng yu di tu
9393251,G7823 .X6 SVAR .D7 SHEET 24,36105216292057,tm755hs3851,https://purl.stanford.edu/tm755hs3851,Xinjiang quan sheng yu di tu
9393251,G7823 .X6 SVAR .D7 SHEET 12,36105216291935,dg925vj2409,https://purl.stanford.edu/dg925vj2409,Xinjiang quan sheng yu di tu
9393251,G7823 .X6 SVAR .D7 SHEET 30,36105216292115,fr334kn7839,https://purl.stanford.edu/fr334kn7839,Xinjiang quan sheng yu di tu
9393251,G7823 .X6 SVAR .D7 SHEET 31,36105216291497,ry916gm5102,https://purl.stanford.edu/ry916gm5102,Xinjiang quan sheng yu di tu
9393251,G7823 .X6 SVAR .D7 SHEET 21,36105216292024,cs782kq8997,https://purl.stanford.edu/cs782kq8997,Xinjiang quan sheng yu di tu
9393251,G7823 .X6 SVAR .D7 SHEET 6,36105216291877,rx381dx1458,https://purl.stanford.edu/rx381dx1458,Xinjiang quan sheng yu di tu
9393251,G7823 .X6 SVAR .D7 SHEET 13,36105216291943,hc768hz7431,https://purl.stanford.edu/hc768hz7431,Xinjiang quan sheng yu di tu
9393251,G7823 .X6 SVAR .D7 SHEET 40,36105216291588,fy747xt2453,https://purl.stanford.edu/fy747xt2453,Xinjiang quan sheng yu di tu
9393251,G7823 .X6 SVAR .D7 SHEET 56,36105216291745,gz790kd6719,https://purl.stanford.edu/gz790kd6719,Xinjiang quan sheng yu di tu
9393251,G7823 .X6 SVAR .D7 SHEET 18,36105216291992,qs950bp5776,https://purl.stanford.edu/qs950bp5776,Xinjiang quan sheng yu di tu
9393251,G7823 .X6 SVAR .D7 SHEET 14,36105216291950,vz981vf7515,https://purl.stanford.edu/vz981vf7515,Xinjiang quan sheng yu di tu
9393251,G7823 .X6 SVAR .D7 SHEET 15,36105216291968,bg989pn8716,https://purl.stanford.edu/bg989pn8716,Xinjiang quan sheng yu di tu
9393251,G7823 .X6 SVAR .D7 SHEET 42,36105216291604,kb792tp5604,https://purl.stanford.edu/kb792tp5604,Xinjiang quan sheng yu di tu
9393251,G7823 .X6 SVAR .D7 SHEET 27,36105216292081,sg922ht7794,https://purl.stanford.edu/sg922ht7794,Xinjiang quan sheng yu di tu
9393251,G7823 .X6 SVAR .D7 SHEET 26,36105216292073,cg640zz1731,https://purl.stanford.edu/cg640zz1731,Xinjiang quan sheng yu di tu
9393251,G7823 .X6 SVAR .D7 SHEET 41,36105216291596,zs238ws7544,https://purl.stanford.edu/zs238ws7544,Xinjiang quan sheng yu di tu
9393251,G7823 .X6 SVAR .D7 SHEET 51,36105216291695,sc092qx3223,https://purl.stanford.edu/sc092qx3223,Xinjiang quan sheng yu di tu
9393251,G7823 .X6 SVAR .D7 SHEET 52,36105216291703,cz916jg3991,https://purl.stanford.edu/cz916jg3991,Xinjiang quan sheng yu di tu
9393251,G7823 .X6 SVAR .D7 SHEET 16,36105216291976,rt784yv0898,https://purl.stanford.edu/rt784yv0898,Xinjiang quan sheng yu di tu
9393251,G7823 .X6 SVAR .D7 SHEET 20,36105216292016,hs069ks1908,https://purl.stanford.edu/hs069ks1908,Xinjiang quan sheng yu di tu
9393251,G7823 .X6 SVAR .D7 SHEET 29,36105216292107,zq138pv2304,https://purl.stanford.edu/zq138pv2304,Xinjiang quan sheng yu di tu
9393251,G7823 .X6 SVAR .D7 SHEET 53,36105216291711,fz166ch5035,https://purl.stanford.edu/fz166ch5035,Xinjiang quan sheng yu di tu
9393251,G7823 .X6 SVAR .D7 SHEET 19,36105216292008,fq595gf8547,https://purl.stanford.edu/fq595gf8547,Xinjiang quan sheng yu di tu
9393251,G7823 .X6 SVAR .D7 SHEET 25,36105216292065,mp764xq3281,https://purl.stanford.edu/mp764xq3281,Xinjiang quan sheng yu di tu
9393251,G7823 .X6 SVAR .D7 SHEET 50,36105216291687,dv474qx8020,https://purl.stanford.edu/dv474qx8020,Xinjiang quan sheng yu di tu
9393251,G7823 .X6 SVAR .D7 SHEET 39,36105216291570,jt093gp3786,https://purl.stanford.edu/jt093gp3786,Xinjiang quan sheng yu di tu
9393251,G7823 .X6 SVAR .D7 SHEET 44,36105216291620,kt212sj4394,https://purl.stanford.edu/kt212sj4394,Xinjiang quan sheng yu di tu
9393251,G7823 .X6 SVAR .D7 SHEET 36,36105216291547,mf518rj3398,https://purl.stanford.edu/mf518rj3398,Xinjiang quan sheng yu di tu
9393251,G7823 .X6 SVAR .D7 SHEET 46,36105216291646,gz760zy1221,https://purl.stanford.edu/gz760zy1221,Xinjiang quan sheng yu di tu
9393251,G7823 .X6 SVAR .D7 COVER,36105216291802,kj817jf0895,https://purl.stanford.edu/kj817jf0895,Xinjiang quan sheng yu di tu
9393251,G7823 .X6 SVAR .D7 INDEX,36105216291810,nj777gc8193,https://purl.stanford.edu/nj777gc8193,Xinjiang quan sheng yu di tu
9393251,G7823 .X6 SVAR .D7 SHEET 1,36105216291828,wb380jc1312,https://purl.stanford.edu/wb380jc1312,Xinjiang quan sheng yu di tu
9393251,G7823 .X6 SVAR .D7 SHEET 3,36105216291844,rd325jk0954,https://purl.stanford.edu/rd325jk0954,Xinjiang quan sheng yu di tu
9393251,G7823 .X6 SVAR .D7 SHEET 4,36105216291851,rb771qg8161,https://purl.stanford.edu/rb771qg8161,Xinjiang quan sheng yu di tu
