Druid,Purl,Ckey,Symph_Bar,Call_Num,Label,Title,Status
sh292vg2620,https://purl.stanford.edu/sh292vg2620,8003289,36105216330576,G8025 S200 .J3 SHEET 2,"タイ國(泰國)二十萬分一圖: 1:200,000 Map of Thailand",Taikoku nijÅ«manbun no ichi zu,v2 Accessioned
ty200wr1890,https://purl.stanford.edu/ty200wr1890,8003289,36105131136181,G8025 S200 .J3 SHEET 3,"タイ國(泰國)二十萬分一圖: 1:200,000 Map of Thailand",Taikoku nijÅ«manbun no ichi zu,v2 Accessioned
yx428jv8614,https://purl.stanford.edu/yx428jv8614,8003289,36105216330584,G8025 S200 .J3 SHEET 4,"タイ國(泰國)二十萬分一圖: 1:200,000 Map of Thailand",Taikoku nijÅ«manbun no ichi zu,v2 Accessioned
ph814nc5790,https://purl.stanford.edu/ph814nc5790,8003289,36105216330592,G8025 S200 .J3 SHEET 6,"タイ國(泰國)二十萬分一圖: 1:200,000 Map of Thailand",Taikoku nijÅ«manbun no ichi zu,v2 Accessioned
vy691rp2065,https://purl.stanford.edu/vy691rp2065,8003289,36105216330600,G8025 S200 .J3 SHEET 7,"タイ國(泰國)二十萬分一圖: 1:200,000 Map of Thailand",Taikoku nijÅ«manbun no ichi zu,v2 Accessioned
vv936gq2536,https://purl.stanford.edu/vv936gq2536,8003289,36105216330618,G8025 S200 .J3 SHEET 8,"タイ國(泰國)二十萬分一圖: 1:200,000 Map of Thailand",Taikoku nijÅ«manbun no ichi zu,v2 Accessioned
vf894ff6021,https://purl.stanford.edu/vf894ff6021,8003289,36105216330626,G8025 S200 .J3 SHEET 9,"タイ國(泰國)二十萬分一圖: 1:200,000 Map of Thailand",Taikoku nijÅ«manbun no ichi zu,v2 Accessioned
sb514sr5864,https://purl.stanford.edu/sb514sr5864,8003289,36105216330634,G8025 S200 .J3 SHEET 10,"タイ國(泰國)二十萬分一圖: 1:200,000 Map of Thailand",Taikoku nijÅ«manbun no ichi zu,v2 Accessioned
xp707zq3048,https://purl.stanford.edu/xp707zq3048,8003289,36105216330642,G8025 S200 .J3 SHEET 11,"タイ國(泰國)二十萬分一圖: 1:200,000 Map of Thailand",Taikoku nijÅ«manbun no ichi zu,v2 Accessioned
bh723vq1635,https://purl.stanford.edu/bh723vq1635,8003289,36105216330659,G8025 S200 .J3 SHEET 12,"タイ國(泰國)二十萬分一圖: 1:200,000 Map of Thailand",Taikoku nijÅ«manbun no ichi zu,v2 Accessioned
vs864pk6867,https://purl.stanford.edu/vs864pk6867,8003289,36105131140993,G8025 S200 .J3 SHEET 13,"タイ國(泰國)二十萬分一圖: 1:200,000 Map of Thailand",Taikoku nijÅ«manbun no ichi zu,v2 Accessioned
vd233jd9967,https://purl.stanford.edu/vd233jd9967,8003289,36105131140985,G8025 S200 .J3 SHEET 14,"タイ國(泰國)二十萬分一圖: 1:200,000 Map of Thailand",Taikoku nijÅ«manbun no ichi zu,v2 Accessioned
xd915ck9747,https://purl.stanford.edu/xd915ck9747,8003289,36105131140977,G8025 S200 .J3 SHEET 15,"タイ國(泰國)二十萬分一圖: 1:200,000 Map of Thailand",Taikoku nijÅ«manbun no ichi zu,v2 Accessioned
br401dn6251,https://purl.stanford.edu/br401dn6251,8003289,36105131140969,G8025 S200 .J3 SHEET 16,"タイ國(泰國)二十萬分一圖: 1:200,000 Map of Thailand",Taikoku nijÅ«manbun no ichi zu,v2 Accessioned
kc682hv6506,https://purl.stanford.edu/kc682hv6506,8003289,36105131140951,G8025 S200 .J3 SHEET 17,"タイ國(泰國)二十萬分一圖: 1:200,000 Map of Thailand",Taikoku nijÅ«manbun no ichi zu,v2 Accessioned
rt395hz9597,https://purl.stanford.edu/rt395hz9597,8003289,36105131140944,G8025 S200 .J3 SHEET 18,"タイ國(泰國)二十萬分一圖: 1:200,000 Map of Thailand",Taikoku nijÅ«manbun no ichi zu,v2 Accessioned
zc310xn1257,https://purl.stanford.edu/zc310xn1257,8003289,36105131140936,G8025 S200 .J3 SHEET 19,"タイ國(泰國)二十萬分一圖: 1:200,000 Map of Thailand",Taikoku nijÅ«manbun no ichi zu,v2 Accessioned
nr729jd6664,https://purl.stanford.edu/nr729jd6664,8003289,36105131140928,G8025 S200 .J3 SHEET 20,"タイ國(泰國)二十萬分一圖: 1:200,000 Map of Thailand",Taikoku nijÅ«manbun no ichi zu,v2 Accessioned
gn683wb1547,https://purl.stanford.edu/gn683wb1547,8003289,36105131140910,G8025 S200 .J3 SHEET 21,"タイ國(泰國)二十萬分一圖: 1:200,000 Map of Thailand",Taikoku nijÅ«manbun no ichi zu,v2 Accessioned
zh028ct6358,https://purl.stanford.edu/zh028ct6358,8003289,36105131140902,G8025 S200 .J3 SHEET 23,"タイ國(泰國)二十萬分一圖: 1:200,000 Map of Thailand",Taikoku nijÅ«manbun no ichi zu,v2 Accessioned
yx599jr4826,https://purl.stanford.edu/yx599jr4826,8003289,36105131140894,G8025 S200 .J3 SHEET 24,"タイ國(泰國)二十萬分一圖: 1:200,000 Map of Thailand",Taikoku nijÅ«manbun no ichi zu,v2 Accessioned
hb308jq7145,https://purl.stanford.edu/hb308jq7145,8003289,36105131140886,G8025 S200 .J3 SHEET 26,"タイ國(泰國)二十萬分一圖: 1:200,000 Map of Thailand",Taikoku nijÅ«manbun no ichi zu,v2 Accessioned
kt485gf7997,https://purl.stanford.edu/kt485gf7997,8003289,36105216330667,G8025 S200 .J3 SHEET 27,"タイ國(泰國)二十萬分一圖: 1:200,000 Map of Thailand",Taikoku nijÅ«manbun no ichi zu,v2 Accessioned
zr629rk4072,https://purl.stanford.edu/zr629rk4072,8003289,36105216330675,G8025 S200 .J3 SHEET 28,"タイ國(泰國)二十萬分一圖: 1:200,000 Map of Thailand",Taikoku nijÅ«manbun no ichi zu,v2 Accessioned
vd086zm5357,https://purl.stanford.edu/vd086zm5357,8003289,36105131140878,G8025 S200 .J3 SHEET 30,"タイ國(泰國)二十萬分一圖: 1:200,000 Map of Thailand",Taikoku nijÅ«manbun no ichi zu,v2 Accessioned
zp873qt9247,https://purl.stanford.edu/zp873qt9247,8003289,36105216330683,G8025 S200 .J3 SHEET 31,"タイ國(泰國)二十萬分一圖: 1:200,000 Map of Thailand",Taikoku nijÅ«manbun no ichi zu,v2 Accessioned
hn674kj9277,https://purl.stanford.edu/hn674kj9277,8003289,36105216330691,G8025 S200 .J3 SHEET 33,"タイ國(泰國)二十萬分一圖: 1:200,000 Map of Thailand",Taikoku nijÅ«manbun no ichi zu,v2 Accessioned
zt335gf6919,https://purl.stanford.edu/zt335gf6919,8003289,36105131140860,G8025 S200 .J3 SHEET 34,"タイ國(泰國)二十萬分一圖: 1:200,000 Map of Thailand",Taikoku nijÅ«manbun no ichi zu,v2 Accessioned
df654np9303,https://purl.stanford.edu/df654np9303,8003289,36105131140852,G8025 S200 .J3 SHEET 35,"タイ國(泰國)二十萬分一圖: 1:200,000 Map of Thailand",Taikoku nijÅ«manbun no ichi zu,v2 Accessioned
vw761wf3626,https://purl.stanford.edu/vw761wf3626,8003289,36105131140845,G8025 S200 .J3 SHEET 36,"タイ國(泰國)二十萬分一圖: 1:200,000 Map of Thailand",Taikoku nijÅ«manbun no ichi zu,v2 Accessioned
yr353hn2243,https://purl.stanford.edu/yr353hn2243,8003289,36105131140837,G8025 S200 .J3 SHEET 37,"タイ國(泰國)二十萬分一圖: 1:200,000 Map of Thailand",Taikoku nijÅ«manbun no ichi zu,v2 Accessioned
db287rp0427,https://purl.stanford.edu/db287rp0427,8003289,36105131140829,G8025 S200 .J3 SHEET 38,"タイ國(泰國)二十萬分一圖: 1:200,000 Map of Thailand",Taikoku nijÅ«manbun no ichi zu,v2 Accessioned
gj058rb1619,https://purl.stanford.edu/gj058rb1619,8003289,36105131140811,G8025 S200 .J3 SHEET 39,"タイ國(泰國)二十萬分一圖: 1:200,000 Map of Thailand",Taikoku nijÅ«manbun no ichi zu,v2 Accessioned
sq228hr4588,https://purl.stanford.edu/sq228hr4588,8003289,36105131140803,G8025 S200 .J3 SHEET 40,"タイ國(泰國)二十萬分一圖: 1:200,000 Map of Thailand",Taikoku nijÅ«manbun no ichi zu,v2 Accessioned
tq920gt2032,https://purl.stanford.edu/tq920gt2032,8003289,36105131140795,G8025 S200 .J3 SHEET 41,"タイ國(泰國)二十萬分一圖: 1:200,000 Map of Thailand",Taikoku nijÅ«manbun no ichi zu,v2 Accessioned
kj319mg7834,https://purl.stanford.edu/kj319mg7834,8003289,36105131140787,G8025 S200 .J3 SHEET 42,"タイ國(泰國)二十萬分一圖: 1:200,000 Map of Thailand",Taikoku nijÅ«manbun no ichi zu,v2 Accessioned
fr893mk8980,https://purl.stanford.edu/fr893mk8980,8003289,36105131140779,G8025 S200 .J3 SHEET 43,"タイ國(泰國)二十萬分一圖: 1:200,000 Map of Thailand",Taikoku nijÅ«manbun no ichi zu,v2 Accessioned
dm269bg7777,https://purl.stanford.edu/dm269bg7777,8003289,36105131140761,G8025 S200 .J3 SHEET 44,"タイ國(泰國)二十萬分一圖: 1:200,000 Map of Thailand",Taikoku nijÅ«manbun no ichi zu,v2 Accessioned
jd940sg9936,https://purl.stanford.edu/jd940sg9936,8003289,36105131140514,G8025 S200 .J3 SHEET 45,"タイ國(泰國)二十萬分一圖: 1:200,000 Map of Thailand",Taikoku nijÅ«manbun no ichi zu,v2 Accessioned
wc726xj8169,https://purl.stanford.edu/wc726xj8169,8003289,36105131140506,G8025 S200 .J3 SHEET 46,"タイ國(泰國)二十萬分一圖: 1:200,000 Map of Thailand",Taikoku nijÅ«manbun no ichi zu,v2 Accessioned
tw954jw6039,https://purl.stanford.edu/tw954jw6039,8003289,36105131140498,G8025 S200 .J3 SHEET 47,"タイ國(泰國)二十萬分一圖: 1:200,000 Map of Thailand",Taikoku nijÅ«manbun no ichi zu,v2 Accessioned
zv500sm9467,https://purl.stanford.edu/zv500sm9467,8003289,36105131140480,G8025 S200 .J3 SHEET 48,"タイ國(泰國)二十萬分一圖: 1:200,000 Map of Thailand",Taikoku nijÅ«manbun no ichi zu,v2 Accessioned
xd169nz5961,https://purl.stanford.edu/xd169nz5961,8003289,36105131140472,G8025 S200 .J3 SHEET 49,"タイ國(泰國)二十萬分一圖: 1:200,000 Map of Thailand",Taikoku nijÅ«manbun no ichi zu,v2 Accessioned
mm815jk5608,https://purl.stanford.edu/mm815jk5608,8003289,36105131140464,G8025 S200 .J3 SHEET 50,"タイ國(泰國)二十萬分一圖: 1:200,000 Map of Thailand",Taikoku nijÅ«manbun no ichi zu,v2 Accessioned
pz509hp6878,https://purl.stanford.edu/pz509hp6878,8003289,36105131140456,G8025 S200 .J3 SHEET 51,"タイ國(泰國)二十萬分一圖: 1:200,000 Map of Thailand",Taikoku nijÅ«manbun no ichi zu,v2 Accessioned
qk046ty5574,https://purl.stanford.edu/qk046ty5574,8003289,36105216330709,G8025 S200 .J3 SHEET 52,"タイ國(泰國)二十萬分一圖: 1:200,000 Map of Thailand",Taikoku nijÅ«manbun no ichi zu,v2 Accessioned
fy668jx4931,https://purl.stanford.edu/fy668jx4931,8003289,36105216330717,G8025 S200 .J3 SHEET 53,"タイ國(泰國)二十萬分一圖: 1:200,000 Map of Thailand",Taikoku nijÅ«manbun no ichi zu,v2 Accessioned
wk265mc0521,https://purl.stanford.edu/wk265mc0521,8003289,36105131140449,G8025 S200 .J3 SHEET 54,"タイ國(泰國)二十萬分一圖: 1:200,000 Map of Thailand",Taikoku nijÅ«manbun no ichi zu,v2 Accessioned
fy199zh7501,https://purl.stanford.edu/fy199zh7501,8003289,36105131140431,G8025 S200 .J3 SHEET 55,"タイ國(泰國)二十萬分一圖: 1:200,000 Map of Thailand",Taikoku nijÅ«manbun no ichi zu,v2 Accessioned
ts147tr8096,https://purl.stanford.edu/ts147tr8096,8003289,36105216330725,G8025 S200 .J3 SHEET 57,"タイ國(泰國)二十萬分一圖: 1:200,000 Map of Thailand",Taikoku nijÅ«manbun no ichi zu,v2 Accessioned
kg475yf3410,https://purl.stanford.edu/kg475yf3410,8003289,36105216330733,G8025 S200 .J3 SHEET 58,"タイ國(泰國)二十萬分一圖: 1:200,000 Map of Thailand",Taikoku nijÅ«manbun no ichi zu,v2 Accessioned
my683jx7241,https://purl.stanford.edu/my683jx7241,8003289,36105216330741,G8025 S200 .J3 SHEET 59,"タイ國(泰國)二十萬分一圖: 1:200,000 Map of Thailand",Taikoku nijÅ«manbun no ichi zu,v2 Accessioned
zm603ry3686,https://purl.stanford.edu/zm603ry3686,8003289,36105131140423,G8025 S200 .J3 SHEET 60,"タイ國(泰國)二十萬分一圖: 1:200,000 Map of Thailand",Taikoku nijÅ«manbun no ichi zu,v2 Accessioned
nj704yt9731,https://purl.stanford.edu/nj704yt9731,8003289,36105216330758,G8025 S200 .J3 SHEET 61,"タイ國(泰國)二十萬分一圖: 1:200,000 Map of Thailand",Taikoku nijÅ«manbun no ichi zu,v2 Accessioned
pv720rw1515,https://purl.stanford.edu/pv720rw1515,8003289,36105216330766,G8025 S200 .J3 SHEET 62,"タイ國(泰國)二十萬分一圖: 1:200,000 Map of Thailand",Taikoku nijÅ«manbun no ichi zu,v2 Accessioned
rq035wx2633,https://purl.stanford.edu/rq035wx2633,8003289,36105216330774,G8025 S200 .J3 SHEET 63,"タイ國(泰國)二十萬分一圖: 1:200,000 Map of Thailand",Taikoku nijÅ«manbun no ichi zu,v2 Accessioned
yh599zr9660,https://purl.stanford.edu/yh599zr9660,8003289,36105131140415,G8025 S200 .J3 SHEET 64,"タイ國(泰國)二十萬分一圖: 1:200,000 Map of Thailand",Taikoku nijÅ«manbun no ichi zu,v2 Accessioned
pz990zp6136,https://purl.stanford.edu/pz990zp6136,8003289,36105216330782,G8025 S200 .J3 SHEET 65,"タイ國(泰國)二十萬分一圖: 1:200,000 Map of Thailand",Taikoku nijÅ«manbun no ichi zu,v2 Accessioned
np755np3484,https://purl.stanford.edu/np755np3484,8003289,36105216330790,G8025 S200 .J3 SHEET 66,"タイ國(泰國)二十萬分一圖: 1:200,000 Map of Thailand",Taikoku nijÅ«manbun no ichi zu,v2 Accessioned
hq991vb2575,https://purl.stanford.edu/hq991vb2575,8003289,36105216332499,G8025 S200 .J3 SHEET 67,"タイ國(泰國)二十萬分一圖: 1:200,000 Map of Thailand",Taikoku nijÅ«manbun no ichi zu,v2 Accessioned
fd809xj4785,https://purl.stanford.edu/fd809xj4785,8003289,36105216332002,G8025 S200 .J3 SHEET 68,"タイ國(泰國)二十萬分一圖: 1:200,000 Map of Thailand",Taikoku nijÅ«manbun no ichi zu,v2 Accessioned
wv091mv6538,https://purl.stanford.edu/wv091mv6538,8003289,36105131140407,G8025 S200 .J3 SHEET 70,"タイ國(泰國)二十萬分一圖: 1:200,000 Map of Thailand",Taikoku nijÅ«manbun no ichi zu,v2 Accessioned
