Call_number,Druid,Purl,Title,Symphony_Barcode,Ckey
G7270 S200 .J3 SHEET 113-5120,xs795pd4196,https://purl.stanford.edu/xs795pd4196,西伯利兵要二十万分一圖 - Shiberi heiyō nijūmanbun no ichi zu,36105221678787,10780393
G7270 S200 .J3 SHEET 116-5120,mt790bc3750,https://purl.stanford.edu/mt790bc3750,西伯利兵要二十万分一圖 - Shiberi heiyō nijūmanbun no ichi zu,36105221678795,10780393
G7270 S200 .J3 SHEET 117-5120,qw776wz1496,https://purl.stanford.edu/qw776wz1496,西伯利兵要二十万分一圖 - Shiberi heiyō nijūmanbun no ichi zu,36105221678803,10780393
G7270 S200 .J3 SHEET 118-5040,cm682nx9543,https://purl.stanford.edu/cm682nx9543,西伯利兵要二十万分一圖 - Shiberi heiyō nijūmanbun no ichi zu,36105221651867,10780393
G7270 S200 .J3 SHEET 118-5120,kt413wz2148,https://purl.stanford.edu/kt413wz2148,西伯利兵要二十万分一圖 - Shiberi heiyō nijūmanbun no ichi zu,36105221651875,10780393
G7270 S200 .J3 SHEET 119-5200,hc559kr1812,https://purl.stanford.edu/hc559kr1812,西伯利兵要二十万分一圖 - Shiberi heiyō nijūmanbun no ichi zu,36105221651883,10780393
G7270 S200 .J3 SHEET 121-5400,kw415wf9246,https://purl.stanford.edu/kw415wf9246,西伯利兵要二十万分一圖 - Shiberi heiyō nijūmanbun no ichi zu,36105221651891,10780393
G7270 S200 .J3 SHEET 128-5200,bj588xj6196,https://purl.stanford.edu/bj588xj6196,西伯利兵要二十万分一圖 - Shiberi heiyō nijūmanbun no ichi zu,36105221651909,10780393
G7270 S200 .J3 SHEET 129-5040,db627cr9595,https://purl.stanford.edu/db627cr9595,西伯利兵要二十万分一圖 - Shiberi heiyō nijūmanbun no ichi zu,36105221651917,10780393
G7270 S200 .J3 SHEET 129-5200,yv855wn1057,https://purl.stanford.edu/yv855wn1057,西伯利兵要二十万分一圖 - Shiberi heiyō nijūmanbun no ichi zu,36105221651925,10780393
G7270 S200 .J3 SHEET 130-5040,tc530wx1410,https://purl.stanford.edu/tc530wx1410,西伯利兵要二十万分一圖 - Shiberi heiyō nijūmanbun no ichi zu,36105221651933,10780393
G7270 S200 .J3 SHEET 131-5000,hx442vs2147,https://purl.stanford.edu/hx442vs2147,西伯利兵要二十万分一圖 - Shiberi heiyō nijūmanbun no ichi zu,36105221651941,10780393
G7270 S200 .J3 SHEET 132-4840,br720vn0814,https://purl.stanford.edu/br720vn0814,西伯利兵要二十万分一圖 - Shiberi heiyō nijūmanbun no ichi zu,36105221651958,10780393
G7270 S200 .J3 SHEET 133-4320,xw568vc7128,https://purl.stanford.edu/xw568vc7128,西伯利兵要二十万分一圖 - Shiberi heiyō nijūmanbun no ichi zu,36105221644920,10780393
G7270 S200 .J3 SHEET 133-4440,qh273gw5474,https://purl.stanford.edu/qh273gw5474,西伯利兵要二十万分一圖 - Shiberi heiyō nijūmanbun no ichi zu,36105221651768,10780393
G7270 S200 .J3 SHEET 134-4920,db159zx2328,https://purl.stanford.edu/db159zx2328,西伯利兵要二十万分一圖 - Shiberi heiyō nijūmanbun no ichi zu,36105221651776,10780393
G7270 S200 .J3 SHEET 135-4520,td399ck3769,https://purl.stanford.edu/td399ck3769,西伯利兵要二十万分一圖 - Shiberi heiyō nijūmanbun no ichi zu,36105221651784,10780393
