Call_Num,Druid,Purl,Title,Sym_Bar,Ckey
G7822 .M2 S50 .J31 I-A-1,np362js6664,https://purl.stanford.edu/np362js6664,滿州五万分一圖 - Manshū gomanbun no ichi zu,36105221048403,10454760
G7822 .M2 S50 .J31 I-A-2,gz451fd9560,https://purl.stanford.edu/gz451fd9560,滿州五万分一圖 - Manshū gomanbun no ichi zu,36105221049211,10454760
G7822 .M2 S50 .J31 I-A-3,my302hn6294,https://purl.stanford.edu/my302hn6294,滿州五万分一圖 - Manshū gomanbun no ichi zu,36105221049229,10454760
G7822 .M2 S50 .J31 I-A-4,bg228sh6905,https://purl.stanford.edu/bg228sh6905,滿州五万分一圖 - Manshū gomanbun no ichi zu,36105221049237,10454760
G7822 .M2 S50 .J31 I-A-5,hw609nf2641,https://purl.stanford.edu/hw609nf2641,滿州五万分一圖 - Manshū gomanbun no ichi zu,36105221049245,10454760
G7822 .M2 S50 .J31 I-A-6,kq503cf6146,https://purl.stanford.edu/kq503cf6146,滿州五万分一圖 - Manshū gomanbun no ichi zu,36105221049252,10454760
G7822 .M2 S50 .J31 I-A-7,tt252qd2473,https://purl.stanford.edu/tt252qd2473,滿州五万分一圖 - Manshū gomanbun no ichi zu,36105221049260,10454760
G7822 .M2 S50 .J31 I-A-8,jh462kj9781,https://purl.stanford.edu/jh462kj9781,滿州五万分一圖 - Manshū gomanbun no ichi zu,36105221049278,10454760
G7822 .M2 S50 .J31 I-A-9,ct354pm4510,https://purl.stanford.edu/ct354pm4510,滿州五万分一圖 - Manshū gomanbun no ichi zu,36105221049286,10454760
G7822 .M2 S50 .J31 I-A-10,bb873qz8840,https://purl.stanford.edu/bb873qz8840,滿州五万分一圖 - Manshū gomanbun no ichi zu,36105221049294,10454760
G7822 .M2 S50 .J31 I-A-11,vq148wt9503,https://purl.stanford.edu/vq148wt9503,滿州五万分一圖 - Manshū gomanbun no ichi zu,36105221049302,10454760
G7822 .M2 S50 .J31 I-A-12,qm715gs1851,https://purl.stanford.edu/qm715gs1851,滿州五万分一圖 - Manshū gomanbun no ichi zu,36105221049310,10454760
G7822 .M2 S50 .J31 I-A-13,qm002vc5715,https://purl.stanford.edu/qm002vc5715,滿州五万分一圖 - Manshū gomanbun no ichi zu,36105221049328,10454760
G7822 .M2 S50 .J31 I-A-14,gb455zy5422,https://purl.stanford.edu/gb455zy5422,滿州五万分一圖 - Manshū gomanbun no ichi zu,36105221049336,10454760
G7822 .M2 S50 .J31 I-A-15,fj017zm4772,https://purl.stanford.edu/fj017zm4772,滿州五万分一圖 - Manshū gomanbun no ichi zu,36105221049344,10454760
G7822 .M2 S50 .J31 I-A-16,wx691mw4538,https://purl.stanford.edu/wx691mw4538,滿州五万分一圖 - Manshū gomanbun no ichi zu,36105221049351,10454760
G7822 .M2 S50 .J31 I-A-17,rf153vn0086,https://purl.stanford.edu/rf153vn0086,滿州五万分一圖 - Manshū gomanbun no ichi zu,36105221049369,10454760
G7822 .M2 S50 .J31 I-A-18,cs767pb4839,https://purl.stanford.edu/cs767pb4839,滿州五万分一圖 - Manshū gomanbun no ichi zu,36105221049377,10454760
G7822 .M2 S50 .J31 I-A-19,yy435hj9653,https://purl.stanford.edu/yy435hj9653,滿州五万分一圖 - Manshū gomanbun no ichi zu,36105221049385,10454760
G7822 .M2 S50 .J31 I-A-20,yk322rz6162,https://purl.stanford.edu/yk322rz6162,滿州五万分一圖 - Manshū gomanbun no ichi zu,36105221049393,10454760
G7822 .M2 S50 .J31 I-A-21,yq683wg3379,https://purl.stanford.edu/yq683wg3379,滿州五万分一圖 - Manshū gomanbun no ichi zu,36105221049401,10454760
G7822 .M2 S50 .J31 I-A-22,vd800jp0026,https://purl.stanford.edu/vd800jp0026,滿州五万分一圖 - Manshū gomanbun no ichi zu,36105221049419,10454760
G7822 .M2 S50 .J31 I-A-23,wq252fy2029,https://purl.stanford.edu/wq252fy2029,滿州五万分一圖 - Manshū gomanbun no ichi zu,36105221049427,10454760
G7822 .M2 S50 .J31 I-A-24,zk766wk8379,https://purl.stanford.edu/zk766wk8379,滿州五万分一圖 - Manshū gomanbun no ichi zu,36105221049435,10454760
G7822 .M2 S50 .J31 I-A-25,hq426zt7303,https://purl.stanford.edu/hq426zt7303,滿州五万分一圖 - Manshū gomanbun no ichi zu,36105221049443,10454760
G7822 .M2 S50 .J31 I-A-26,tm654hf3986,https://purl.stanford.edu/tm654hf3986,滿州五万分一圖 - Manshū gomanbun no ichi zu,36105221049450,10454760
G7822 .M2 S50 .J31 I-A-27,wc877th1187,https://purl.stanford.edu/wc877th1187,滿州五万分一圖 - Manshū gomanbun no ichi zu,36105221049468,10454760
G7822 .M2 S50 .J31 I-A-28,kn965yq0670,https://purl.stanford.edu/kn965yq0670,滿州五万分一圖 - Manshū gomanbun no ichi zu,36105221049476,10454760
G7822 .M2 S50 .J31 I-A-30,nh282kg5542,https://purl.stanford.edu/nh282kg5542,滿州五万分一圖 - Manshū gomanbun no ichi zu,36105221049484,10454760
G7822 .M2 S50 .J31 I-A-31,pz323ss1150,https://purl.stanford.edu/pz323ss1150,滿州五万分一圖 - Manshū gomanbun no ichi zu,36105221049492,10454760
G7822 .M2 S50 .J31 I-A-32,qf544rx7448,https://purl.stanford.edu/qf544rx7448,滿州五万分一圖 - Manshū gomanbun no ichi zu,36105221049500,10454760
G7822 .M2 S50 .J31 I-A-33,db663rz4560,https://purl.stanford.edu/db663rz4560,滿州五万分一圖 - Manshū gomanbun no ichi zu,36105221049518,10454760
G7822 .M2 S50 .J31 I-A-35,cd891yy3511,https://purl.stanford.edu/cd891yy3511,滿州五万分一圖 - Manshū gomanbun no ichi zu,36105221049526,10454760
G7822 .M2 S50 .J31 I-A-36,bb442pn5107,https://purl.stanford.edu/bb442pn5107,滿州五万分一圖 - Manshū gomanbun no ichi zu,36105221049534,10454760
G7822 .M2 S50 .J31 I-A-40,tt760xr0077,https://purl.stanford.edu/tt760xr0077,滿州五万分一圖 - Manshū gomanbun no ichi zu,36105221049542,10454760
G7822 .M2 S50 .J31 I-A-41,rp678dm7136,https://purl.stanford.edu/rp678dm7136,滿州五万分一圖 - Manshū gomanbun no ichi zu,36105221049559,10454760
G7822 .M2 S50 .J31 I-A-43,ky846yh1113,https://purl.stanford.edu/ky846yh1113,滿州五万分一圖 - Manshū gomanbun no ichi zu,36105221049567,10454760
G7822 .M2 S50 .J31 I-A-45,rx509cx3634,https://purl.stanford.edu/rx509cx3634,滿州五万分一圖 - Manshū gomanbun no ichi zu,36105221049575,10454760
G7822 .M2 S50 .J31 I-A-46,sm692yb8638,https://purl.stanford.edu/sm692yb8638,滿州五万分一圖 - Manshū gomanbun no ichi zu,36105221049583,10454760
G7822 .M2 S50 .J31 I-A-48,kv664kc1252,https://purl.stanford.edu/kv664kc1252,滿州五万分一圖 - Manshū gomanbun no ichi zu,36105221049591,10454760
G7822 .M2 S50 .J31 I-A-49,yc062qt4469,https://purl.stanford.edu/yc062qt4469,滿州五万分一圖 - Manshū gomanbun no ichi zu,36105221049609,10454760
G7822 .M2 S50 .J31 I-A-50,kc970qw3675,https://purl.stanford.edu/kc970qw3675,滿州五万分一圖 - Manshū gomanbun no ichi zu,36105221049617,10454760
G7822 .M2 S50 .J31 I-A-51,ty276cn0616,https://purl.stanford.edu/ty276cn0616,滿州五万分一圖 - Manshū gomanbun no ichi zu,36105221049625,10454760
G7822 .M2 S50 .J31 I-A-54,wt953gt3751,https://purl.stanford.edu/wt953gt3751,滿州五万分一圖 - Manshū gomanbun no ichi zu,36105221049633,10454760
G7822 .M2 S50 .J31 I-B-1,qx571yw4138,https://purl.stanford.edu/qx571yw4138,滿州五万分一圖 - Manshū gomanbun no ichi zu,36105221049641,10454760
G7822 .M2 S50 .J31 I-B-2,zx177pk5371,https://purl.stanford.edu/zx177pk5371,滿州五万分一圖 - Manshū gomanbun no ichi zu,36105221049658,10454760
G7822 .M2 S50 .J31 I-B-3,fk759nb2915,https://purl.stanford.edu/fk759nb2915,滿州五万分一圖 - Manshū gomanbun no ichi zu,36105221049682,10454760
G7822 .M2 S50 .J31 I-B-4,fj439pd1452,https://purl.stanford.edu/fj439pd1452,滿州五万分一圖 - Manshū gomanbun no ichi zu,36105221049690,10454760
G7822 .M2 S50 .J31 I-B-5,vc351js5292,https://purl.stanford.edu/vc351js5292,滿州五万分一圖 - Manshū gomanbun no ichi zu,36105221049708,10454760
G7822 .M2 S50 .J31 I-B-6,dg064hq8367,https://purl.stanford.edu/dg064hq8367,滿州五万分一圖 - Manshū gomanbun no ichi zu,36105221049716,10454760
G7822 .M2 S50 .J31 I-B-7,gk916dm1025,https://purl.stanford.edu/gk916dm1025,滿州五万分一圖 - Manshū gomanbun no ichi zu,36105221049724,10454760
G7822 .M2 S50 .J31 I-B-8,vx796hj4134,https://purl.stanford.edu/vx796hj4134,滿州五万分一圖 - Manshū gomanbun no ichi zu,36105221049732,10454760
G7822 .M2 S50 .J31 I-B-9,jq882kr4758,https://purl.stanford.edu/jq882kr4758,滿州五万分一圖 - Manshū gomanbun no ichi zu,36105221049740,10454760
G7822 .M2 S50 .J31 I-B-10,ry648sw7724,https://purl.stanford.edu/ry648sw7724,滿州五万分一圖 - Manshū gomanbun no ichi zu,36105221049757,10454760
G7822 .M2 S50 .J31 I-B-11,sv400br2785,https://purl.stanford.edu/sv400br2785,滿州五万分一圖 - Manshū gomanbun no ichi zu,36105221049765,10454760
G7822 .M2 S50 .J31 I-B-12,pj348ks2594,https://purl.stanford.edu/pj348ks2594,滿州五万分一圖 - Manshū gomanbun no ichi zu,36105221049773,10454760
G7822 .M2 S50 .J31 I-B-13,dn198qx8081,https://purl.stanford.edu/dn198qx8081,滿州五万分一圖 - Manshū gomanbun no ichi zu,36105221049781,10454760
G7822 .M2 S50 .J31 I-B-14,ms239cn8567,https://purl.stanford.edu/ms239cn8567,滿州五万分一圖 - Manshū gomanbun no ichi zu,36105221049799,10454760
G7822 .M2 S50 .J31 I-B-15,yg018jz1383,https://purl.stanford.edu/yg018jz1383,滿州五万分一圖 - Manshū gomanbun no ichi zu,36105221051001,10454760
G7822 .M2 S50 .J31 I-B-16,qy224gy7438,https://purl.stanford.edu/qy224gy7438,滿州五万分一圖 - Manshū gomanbun no ichi zu,36105221051019,10454760
G7822 .M2 S50 .J31 I-B-17,wp503gx1470,https://purl.stanford.edu/wp503gx1470,滿州五万分一圖 - Manshū gomanbun no ichi zu,36105221051027,10454760
G7822 .M2 S50 .J31 I-B-18,bj948qq4928,https://purl.stanford.edu/bj948qq4928,滿州五万分一圖 - Manshū gomanbun no ichi zu,36105221051035,10454760
G7822 .M2 S50 .J31 I-B-19,cr732mh0887,https://purl.stanford.edu/cr732mh0887,滿州五万分一圖 - Manshū gomanbun no ichi zu,36105221051043,10454760
G7822 .M2 S50 .J31 I-B-20,hk669dr9246,https://purl.stanford.edu/hk669dr9246,滿州五万分一圖 - Manshū gomanbun no ichi zu,36105221051050,10454760
G7822 .M2 S50 .J31 I-B-21,bk861xd5760,https://purl.stanford.edu/bk861xd5760,滿州五万分一圖 - Manshū gomanbun no ichi zu,36105221051068,10454760
G7822 .M2 S50 .J31 I-B-22,nh478xx7198,https://purl.stanford.edu/nh478xx7198,滿州五万分一圖 - Manshū gomanbun no ichi zu,36105221051076,10454760
G7822 .M2 S50 .J31 I-B-23,kx157sq2607,https://purl.stanford.edu/kx157sq2607,滿州五万分一圖 - Manshū gomanbun no ichi zu,36105221051084,10454760
G7822 .M2 S50 .J31 I-B-24,qz677dy4636,https://purl.stanford.edu/qz677dy4636,滿州五万分一圖 - Manshū gomanbun no ichi zu,36105221051092,10454760
G7822 .M2 S50 .J31 I-B-25,bd577js4661,https://purl.stanford.edu/bd577js4661,滿州五万分一圖 - Manshū gomanbun no ichi zu,36105221051100,10454760
G7822 .M2 S50 .J31 I-B-26,bt423hh0917,https://purl.stanford.edu/bt423hh0917,滿州五万分一圖 - Manshū gomanbun no ichi zu,36105221051118,10454760
G7822 .M2 S50 .J31 I-B-27,gs646wt5468,https://purl.stanford.edu/gs646wt5468,滿州五万分一圖 - Manshū gomanbun no ichi zu,36105221051126,10454760
G7822 .M2 S50 .J31 I-B-28,hm355mp8906,https://purl.stanford.edu/hm355mp8906,滿州五万分一圖 - Manshū gomanbun no ichi zu,36105221051134,10454760
G7822 .M2 S50 .J31 I-B-29,zq690xm7116,https://purl.stanford.edu/zq690xm7116,滿州五万分一圖 - Manshū gomanbun no ichi zu,36105221051142,10454760
G7822 .M2 S50 .J31 I-B-30,sq491xm9783,https://purl.stanford.edu/sq491xm9783,滿州五万分一圖 - Manshū gomanbun no ichi zu,36105221051159,10454760
G7822 .M2 S50 .J31 I-B-31,nn463nc6978,https://purl.stanford.edu/nn463nc6978,滿州五万分一圖 - Manshū gomanbun no ichi zu,36105221051167,10454760
G7822 .M2 S50 .J31 I-B-32,tp730wp4052,https://purl.stanford.edu/tp730wp4052,滿州五万分一圖 - Manshū gomanbun no ichi zu,36105221051175,10454760
G7822 .M2 S50 .J31 I-B-33,mh163vm1924,https://purl.stanford.edu/mh163vm1924,滿州五万分一圖 - Manshū gomanbun no ichi zu,36105221051183,10454760
G7822 .M2 S50 .J31 I-B-35,wc986pq3731,https://purl.stanford.edu/wc986pq3731,滿州五万分一圖 - Manshū gomanbun no ichi zu,36105221051191,10454760
G7822 .M2 S50 .J31 I-B-36,db317vz6934,https://purl.stanford.edu/db317vz6934,滿州五万分一圖 - Manshū gomanbun no ichi zu,36105221051209,10454760
G7822 .M2 S50 .J31 I-B-37,pz928tb9807,https://purl.stanford.edu/pz928tb9807,滿州五万分一圖 - Manshū gomanbun no ichi zu,36105221051217,10454760
G7822 .M2 S50 .J31 I-B-38,wp479qt5448,https://purl.stanford.edu/wp479qt5448,滿州五万分一圖 - Manshū gomanbun no ichi zu,36105221051225,10454760
G7822 .M2 S50 .J31 I-B-39,nx184ng1251,https://purl.stanford.edu/nx184ng1251,滿州五万分一圖 - Manshū gomanbun no ichi zu,36105221051233,10454760
G7822 .M2 S50 .J31 I-B-40,qf713sf2095,https://purl.stanford.edu/qf713sf2095,滿州五万分一圖 - Manshū gomanbun no ichi zu,36105221051241,10454760
G7822 .M2 S50 .J31 I-B-41,bt253hb6365,https://purl.stanford.edu/bt253hb6365,滿州五万分一圖 - Manshū gomanbun no ichi zu,36105221051258,10454760
G7822 .M2 S50 .J31 I-B-42,vt951tk7087,https://purl.stanford.edu/vt951tk7087,滿州五万分一圖 - Manshū gomanbun no ichi zu,36105221051266,10454760
G7822 .M2 S50 .J31 I-B-43,xm913nb0785,https://purl.stanford.edu/xm913nb0785,滿州五万分一圖 - Manshū gomanbun no ichi zu,36105221051274,10454760
G7822 .M2 S50 .J31 I-B-44,rc267bs1596,https://purl.stanford.edu/rc267bs1596,滿州五万分一圖 - Manshū gomanbun no ichi zu,36105221051282,10454760
G7822 .M2 S50 .J31 I-B-45,zt542dy3506,https://purl.stanford.edu/zt542dy3506,滿州五万分一圖 - Manshū gomanbun no ichi zu,36105221051290,10454760
G7822 .M2 S50 .J31 I-B-46,jd679xy9915,https://purl.stanford.edu/jd679xy9915,滿州五万分一圖 - Manshū gomanbun no ichi zu,36105221051308,10454760
G7822 .M2 S50 .J31 I-B-47,qy078ts4830,https://purl.stanford.edu/qy078ts4830,滿州五万分一圖 - Manshū gomanbun no ichi zu,36105221051316,10454760
G7822 .M2 S50 .J31 I-B-48,qn854jv7014,https://purl.stanford.edu/qn854jv7014,滿州五万分一圖 - Manshū gomanbun no ichi zu,36105221051324,10454760
G7822 .M2 S50 .J31 I-B-49,tm684xj9401,https://purl.stanford.edu/tm684xj9401,滿州五万分一圖 - Manshū gomanbun no ichi zu,36105221051332,10454760
G7822 .M2 S50 .J31 I-B-50,jt259yx2861,https://purl.stanford.edu/jt259yx2861,滿州五万分一圖 - Manshū gomanbun no ichi zu,36105221051340,10454760
G7822 .M2 S50 .J31 I-B-51,yd002ch0070,https://purl.stanford.edu/yd002ch0070,滿州五万分一圖 - Manshū gomanbun no ichi zu,36105221051357,10454760
G7822 .M2 S50 .J31 I-B-52,cj394kn7498,https://purl.stanford.edu/cj394kn7498,滿州五万分一圖 - Manshū gomanbun no ichi zu,36105221051365,10454760
G7822 .M2 S50 .J31 I-B-53,kf746bj8851,https://purl.stanford.edu/kf746bj8851,滿州五万分一圖 - Manshū gomanbun no ichi zu,36105221051373,10454760
G7822 .M2 S50 .J31 I-B-54,nk045kr7088,https://purl.stanford.edu/nk045kr7088,滿州五万分一圖 - Manshū gomanbun no ichi zu,36105221051381,10454760
G7822 .M2 S50 .J31 I-B-55,xm833gx8592,https://purl.stanford.edu/xm833gx8592,滿州五万分一圖 - Manshū gomanbun no ichi zu,36105221051399,10454760
G7822 .M2 S50 .J31 I-B-56,dp608kk5107,https://purl.stanford.edu/dp608kk5107,滿州五万分一圖 - Manshū gomanbun no ichi zu,36105221051407,10454760
G7822 .M2 S50 .J31 I-B-57,ws227dr1449,https://purl.stanford.edu/ws227dr1449,滿州五万分一圖 - Manshū gomanbun no ichi zu,36105221051415,10454760
G7822 .M2 S50 .J31 I-B-58,dn099wp5743,https://purl.stanford.edu/dn099wp5743,滿州五万分一圖 - Manshū gomanbun no ichi zu,36105221051423,10454760
G7822 .M2 S50 .J31 I-B-59,dj831kf2192,https://purl.stanford.edu/dj831kf2192,滿州五万分一圖 - Manshū gomanbun no ichi zu,36105221051431,10454760
G7822 .M2 S50 .J31 I-B-60,yj062gc3411,https://purl.stanford.edu/yj062gc3411,滿州五万分一圖 - Manshū gomanbun no ichi zu,36105221051449,10454760
G7822 .M2 S50 .J31 I-B-61,nm579cn9569,https://purl.stanford.edu/nm579cn9569,滿州五万分一圖 - Manshū gomanbun no ichi zu,36105221051456,10454760
G7822 .M2 S50 .J31 I-C-2,hd656hg1933,https://purl.stanford.edu/hd656hg1933,滿州五万分一圖 - Manshū gomanbun no ichi zu,36105221051464,10454760
G7822 .M2 S50 .J31 I-C-3,dn848db8994,https://purl.stanford.edu/dn848db8994,滿州五万分一圖 - Manshū gomanbun no ichi zu,36105221051472,10454760
G7822 .M2 S50 .J31 I-C-4,hx845gj7695,https://purl.stanford.edu/hx845gj7695,滿州五万分一圖 - Manshū gomanbun no ichi zu,36105221051480,10454760
G7822 .M2 S50 .J31 I-C-5,fn260pd2371,https://purl.stanford.edu/fn260pd2371,滿州五万分一圖 - Manshū gomanbun no ichi zu,36105221051498,10454760
G7822 .M2 S50 .J31 I-C-6,nb910fs0599,https://purl.stanford.edu/nb910fs0599,滿州五万分一圖 - Manshū gomanbun no ichi zu,36105221051506,10454760
G7822 .M2 S50 .J31 I-C-7,vp358br6055,https://purl.stanford.edu/vp358br6055,滿州五万分一圖 - Manshū gomanbun no ichi zu,36105221051514,10454760
G7822 .M2 S50 .J31 I-C-8,wk617fs1418,https://purl.stanford.edu/wk617fs1418,滿州五万分一圖 - Manshū gomanbun no ichi zu,36105221051522,10454760
G7822 .M2 S50 .J31 I-C-11,hy096tm2640,https://purl.stanford.edu/hy096tm2640,滿州五万分一圖 - Manshū gomanbun no ichi zu,36105221051530,10454760
G7822 .M2 S50 .J31 I-C-12,hh738jy0709,https://purl.stanford.edu/hh738jy0709,滿州五万分一圖 - Manshū gomanbun no ichi zu,36105221051548,10454760
G7822 .M2 S50 .J31 I-C-13,yv338bz7358,https://purl.stanford.edu/yv338bz7358,滿州五万分一圖 - Manshū gomanbun no ichi zu,36105221051555,10454760
G7822 .M2 S50 .J31 I-C-14,cc512xt5721,https://purl.stanford.edu/cc512xt5721,滿州五万分一圖 - Manshū gomanbun no ichi zu,36105221051563,10454760
G7822 .M2 S50 .J31 I-C-15,gb849fk1243,https://purl.stanford.edu/gb849fk1243,滿州五万分一圖 - Manshū gomanbun no ichi zu,36105221051571,10454760
G7822 .M2 S50 .J31 I-C-17,yk683vt1058,https://purl.stanford.edu/yk683vt1058,滿州五万分一圖 - Manshū gomanbun no ichi zu,36105221051589,10454760
G7822 .M2 S50 .J31 I-C-20,tn562gt4124,https://purl.stanford.edu/tn562gt4124,滿州五万分一圖 - Manshū gomanbun no ichi zu,36105221051597,10454760
G7822 .M2 S50 .J31 I-C-21,xv298bp5917,https://purl.stanford.edu/xv298bp5917,滿州五万分一圖 - Manshū gomanbun no ichi zu,36105221051605,10454760
G7822 .M2 S50 .J31 I-C-22,yt007dk1644,https://purl.stanford.edu/yt007dk1644,滿州五万分一圖 - Manshū gomanbun no ichi zu,36105221051613,10454760
G7822 .M2 S50 .J31 I-C-23,gt002rp8495,https://purl.stanford.edu/gt002rp8495,滿州五万分一圖 - Manshū gomanbun no ichi zu,36105221051621,10454760
G7822 .M2 S50 .J31 I-C-24,sg183np9550,https://purl.stanford.edu/sg183np9550,滿州五万分一圖 - Manshū gomanbun no ichi zu,36105221051639,10454760
G7822 .M2 S50 .J31 I-C-25,yr962pd6067,https://purl.stanford.edu/yr962pd6067,滿州五万分一圖 - Manshū gomanbun no ichi zu,36105221051647,10454760
G7822 .M2 S50 .J31 I-C-26,vs424hz8561,https://purl.stanford.edu/vs424hz8561,滿州五万分一圖 - Manshū gomanbun no ichi zu,36105221051654,10454760
G7822 .M2 S50 .J31 I-C-28,dk863vm7771,https://purl.stanford.edu/dk863vm7771,滿州五万分一圖 - Manshū gomanbun no ichi zu,36105221051662,10454760
G7822 .M2 S50 .J31 I-C-29,cc398mv5801,https://purl.stanford.edu/cc398mv5801,滿州五万分一圖 - Manshū gomanbun no ichi zu,36105221051670,10454760
G7822 .M2 S50 .J31 I-C-30,cb964vh6874,https://purl.stanford.edu/cb964vh6874,滿州五万分一圖 - Manshū gomanbun no ichi zu,36105221051688,10454760
G7822 .M2 S50 .J31 I-C-31,gy338gf2972,https://purl.stanford.edu/gy338gf2972,滿州五万分一圖 - Manshū gomanbun no ichi zu,36105221051696,10454760
G7822 .M2 S50 .J31 I-C-32,tw517wp3884,https://purl.stanford.edu/tw517wp3884,滿州五万分一圖 - Manshū gomanbun no ichi zu,36105221051704,10454760
G7822 .M2 S50 .J31 I-C-33,tm834rg3335,https://purl.stanford.edu/tm834rg3335,滿州五万分一圖 - Manshū gomanbun no ichi zu,36105221051712,10454760
G7822 .M2 S50 .J31 I-C-34,dv988ww9918,https://purl.stanford.edu/dv988ww9918,滿州五万分一圖 - Manshū gomanbun no ichi zu,36105221051720,10454760
G7822 .M2 S50 .J31 I-D-1,xb501kw0448,https://purl.stanford.edu/xb501kw0448,滿州五万分一圖 - Manshū gomanbun no ichi zu,36105221051738,10454760
G7822 .M2 S50 .J31 I-D-2,gr075qf1286,https://purl.stanford.edu/gr075qf1286,滿州五万分一圖 - Manshū gomanbun no ichi zu,36105221051746,10454760
G7822 .M2 S50 .J31 I-D-3,mz753ft6960,https://purl.stanford.edu/mz753ft6960,滿州五万分一圖 - Manshū gomanbun no ichi zu,36105221051753,10454760
G7822 .M2 S50 .J31 I-D-4,xy869pq7316,https://purl.stanford.edu/xy869pq7316,滿州五万分一圖 - Manshū gomanbun no ichi zu,36105221051761,10454760
G7822 .M2 S50 .J31 I-D-5,bt981cv0986,https://purl.stanford.edu/bt981cv0986,滿州五万分一圖 - Manshū gomanbun no ichi zu,36105221051779,10454760
G7822 .M2 S50 .J31 I-D-6,bm316fc7061,https://purl.stanford.edu/bm316fc7061,滿州五万分一圖 - Manshū gomanbun no ichi zu,36105221051787,10454760
G7822 .M2 S50 .J31 I-D-7,fy423wy0838,https://purl.stanford.edu/fy423wy0838,滿州五万分一圖 - Manshū gomanbun no ichi zu,36105221051795,10454760
G7822 .M2 S50 .J31 I-D-8,cr777yv5199,https://purl.stanford.edu/cr777yv5199,滿州五万分一圖 - Manshū gomanbun no ichi zu,36105221051803,10454760
G7822 .M2 S50 .J31 I-D-9,rk998bx9405,https://purl.stanford.edu/rk998bx9405,滿州五万分一圖 - Manshū gomanbun no ichi zu,36105221051811,10454760
G7822 .M2 S50 .J31 I-D-10,ck665rk3361,https://purl.stanford.edu/ck665rk3361,滿州五万分一圖 - Manshū gomanbun no ichi zu,36105221051829,10454760
G7822 .M2 S50 .J31 I-D-11,rz406kc0285,https://purl.stanford.edu/rz406kc0285,滿州五万分一圖 - Manshū gomanbun no ichi zu,36105221051837,10454760
G7822 .M2 S50 .J31 I-D-12,rp172wv3382,https://purl.stanford.edu/rp172wv3382,滿州五万分一圖 - Manshū gomanbun no ichi zu,36105221051845,10454760
G7822 .M2 S50 .J31 I-D-13,tm983bc7689,https://purl.stanford.edu/tm983bc7689,滿州五万分一圖 - Manshū gomanbun no ichi zu,36105221051852,10454760
G7822 .M2 S50 .J31 I-D-14,pm571vv6493,https://purl.stanford.edu/pm571vv6493,滿州五万分一圖 - Manshū gomanbun no ichi zu,36105221051860,10454760
G7822 .M2 S50 .J31 I-D-15,cc084zz0500,https://purl.stanford.edu/cc084zz0500,滿州五万分一圖 - Manshū gomanbun no ichi zu,36105221051878,10454760
G7822 .M2 S50 .J31 I-D-16,dq936nz7801,https://purl.stanford.edu/dq936nz7801,滿州五万分一圖 - Manshū gomanbun no ichi zu,36105221051886,10454760
G7822 .M2 S50 .J31 I-D-17,vd186yx8337,https://purl.stanford.edu/vd186yx8337,滿州五万分一圖 - Manshū gomanbun no ichi zu,36105221051894,10454760
G7822 .M2 S50 .J31 I-D-18,qs174vv3147,https://purl.stanford.edu/qs174vv3147,滿州五万分一圖 - Manshū gomanbun no ichi zu,36105221051902,10454760
G7822 .M2 S50 .J31 I-D-19,qw867mc4570,https://purl.stanford.edu/qw867mc4570,滿州五万分一圖 - Manshū gomanbun no ichi zu,36105221051910,10454760
G7822 .M2 S50 .J31 I-D-20,vz346fh7655,https://purl.stanford.edu/vz346fh7655,滿州五万分一圖 - Manshū gomanbun no ichi zu,36105221051928,10454760
G7822 .M2 S50 .J31 I-D-21,sz762sy6415,https://purl.stanford.edu/sz762sy6415,滿州五万分一圖 - Manshū gomanbun no ichi zu,36105221051936,10454760
G7822 .M2 S50 .J31 I-D-22,wh975mr8211,https://purl.stanford.edu/wh975mr8211,滿州五万分一圖 - Manshū gomanbun no ichi zu,36105221051944,10454760
G7822 .M2 S50 .J31 I-D-23,mz076pj5641,https://purl.stanford.edu/mz076pj5641,滿州五万分一圖 - Manshū gomanbun no ichi zu,36105221051951,10454760
G7822 .M2 S50 .J31 I-D-24,xc549jz9950,https://purl.stanford.edu/xc549jz9950,滿州五万分一圖 - Manshū gomanbun no ichi zu,36105221051969,10454760
G7822 .M2 S50 .J31 I-D-25,ft658mt9127,https://purl.stanford.edu/ft658mt9127,滿州五万分一圖 - Manshū gomanbun no ichi zu,36105221051977,10454760
G7822 .M2 S50 .J31 I-D-26,vf194dr9168,https://purl.stanford.edu/vf194dr9168,滿州五万分一圖 - Manshū gomanbun no ichi zu,36105221051985,10454760
G7822 .M2 S50 .J31 I-D-27,sx879tr0219,https://purl.stanford.edu/sx879tr0219,滿州五万分一圖 - Manshū gomanbun no ichi zu,36105221051993,10454760
G7822 .M2 S50 .J31 I-D-28,zh121kt3578,https://purl.stanford.edu/zh121kt3578,滿州五万分一圖 - Manshū gomanbun no ichi zu,36105221052009,10454760
G7822 .M2 S50 .J31 I-D-29,wn410nj4759,https://purl.stanford.edu/wn410nj4759,滿州五万分一圖 - Manshū gomanbun no ichi zu,36105221052017,10454760
G7822 .M2 S50 .J31 I-D-30,hy692tx4067,https://purl.stanford.edu/hy692tx4067,滿州五万分一圖 - Manshū gomanbun no ichi zu,36105221052025,10454760
G7822 .M2 S50 .J31 I-D-31,ms884mq6731,https://purl.stanford.edu/ms884mq6731,滿州五万分一圖 - Manshū gomanbun no ichi zu,36105221052033,10454760
G7822 .M2 S50 .J31 I-D-32,hy806sr3180,https://purl.stanford.edu/hy806sr3180,滿州五万分一圖 - Manshū gomanbun no ichi zu,36105221052041,10454760
G7822 .M2 S50 .J31 I-D-33,zr131gp9650,https://purl.stanford.edu/zr131gp9650,滿州五万分一圖 - Manshū gomanbun no ichi zu,36105221052058,10454760
G7822 .M2 S50 .J31 I-D-34,yc602ff6494,https://purl.stanford.edu/yc602ff6494,滿州五万分一圖 - Manshū gomanbun no ichi zu,36105221052066,10454760
G7822 .M2 S50 .J31 I-D-35,sf390nz4539,https://purl.stanford.edu/sf390nz4539,滿州五万分一圖 - Manshū gomanbun no ichi zu,36105221052074,10454760
G7822 .M2 S50 .J31 I-D-36,nz639rq9482,https://purl.stanford.edu/nz639rq9482,滿州五万分一圖 - Manshū gomanbun no ichi zu,36105221052082,10454760
G7822 .M2 S50 .J31 I-D-37,kd885vk5853,https://purl.stanford.edu/kd885vk5853,滿州五万分一圖 - Manshū gomanbun no ichi zu,36105221052090,10454760
G7822 .M2 S50 .J31 I-D-40,dc124vp1703,https://purl.stanford.edu/dc124vp1703,滿州五万分一圖 - Manshū gomanbun no ichi zu,36105221052108,10454760
G7822 .M2 S50 .J31 I-D-41,hb073cn9981,https://purl.stanford.edu/hb073cn9981,滿州五万分一圖 - Manshū gomanbun no ichi zu,36105221052116,10454760
G7822 .M2 S50 .J31 I-D-42,js917pt7664,https://purl.stanford.edu/js917pt7664,滿州五万分一圖 - Manshū gomanbun no ichi zu,36105221052124,10454760
G7822 .M2 S50 .J31 I-D-43,vg269kj3593,https://purl.stanford.edu/vg269kj3593,滿州五万分一圖 - Manshū gomanbun no ichi zu,36105221052132,10454760
G7822 .M2 S50 .J31 I-D-44,dd635yf0966,https://purl.stanford.edu/dd635yf0966,滿州五万分一圖 - Manshū gomanbun no ichi zu,36105221052140,10454760
G7822 .M2 S50 .J31 I-D-45,jj733xc3042,https://purl.stanford.edu/jj733xc3042,滿州五万分一圖 - Manshū gomanbun no ichi zu,36105221052157,10454760
G7822 .M2 S50 .J31 I-D-46,wf781hz2827,https://purl.stanford.edu/wf781hz2827,滿州五万分一圖 - Manshū gomanbun no ichi zu,36105221052165,10454760
G7822 .M2 S50 .J31 I-D-49,gg216xb8359,https://purl.stanford.edu/gg216xb8359,滿州五万分一圖 - Manshū gomanbun no ichi zu,36105221052173,10454760
G7822 .M2 S50 .J31 I-D-50,vk754kb2849,https://purl.stanford.edu/vk754kb2849,滿州五万分一圖 - Manshū gomanbun no ichi zu,36105221052181,10454760
G7822 .M2 S50 .J31 I-D-51,cv170ty1578,https://purl.stanford.edu/cv170ty1578,滿州五万分一圖 - Manshū gomanbun no ichi zu,36105221052199,10454760
G7822 .M2 S50 .J31 I-D-52,wf784kt7355,https://purl.stanford.edu/wf784kt7355,滿州五万分一圖 - Manshū gomanbun no ichi zu,36105221052207,10454760
G7822 .M2 S50 .J31 I-D-57,wd112vv1093,https://purl.stanford.edu/wd112vv1093,滿州五万分一圖 - Manshū gomanbun no ichi zu,36105221052215,10454760
G7822 .M2 S50 .J31 II-A-58,xh444ph3269,https://purl.stanford.edu/xh444ph3269,滿州五万分一圖 - Manshū gomanbun no ichi zu,36105221052223,10454760
G7822 .M2 S50 .J31 II-A-70,fd509tj9818,https://purl.stanford.edu/fd509tj9818,滿州五万分一圖 - Manshū gomanbun no ichi zu,36105221052231,10454760
G7822 .M2 S50 .J31 II-A-80,sg220fk3145,https://purl.stanford.edu/sg220fk3145,滿州五万分一圖 - Manshū gomanbun no ichi zu,36105221052249,10454760
G7822 .M2 S50 .J31 II-A-81,kq412cd4236,https://purl.stanford.edu/kq412cd4236,滿州五万分一圖 - Manshū gomanbun no ichi zu,36105221052256,10454760
G7822 .M2 S50 .J31 II-A-82,qm777ch0228,https://purl.stanford.edu/qm777ch0228,滿州五万分一圖 - Manshū gomanbun no ichi zu,36105221052264,10454760
G7822 .M2 S50 .J31 II-B-47,yb905fx0293,https://purl.stanford.edu/yb905fx0293,滿州五万分一圖 - Manshū gomanbun no ichi zu,36105221052272,10454760
G7822 .M2 S50 .J31 II-B-48,zv662ks1135,https://purl.stanford.edu/zv662ks1135,滿州五万分一圖 - Manshū gomanbun no ichi zu,36105221052280,10454760
G7822 .M2 S50 .J31 II-B-49,my691sq7622,https://purl.stanford.edu/my691sq7622,滿州五万分一圖 - Manshū gomanbun no ichi zu,36105221052298,10454760
G7822 .M2 S50 .J31 II-B-50,tb634bf0425,https://purl.stanford.edu/tb634bf0425,滿州五万分一圖 - Manshū gomanbun no ichi zu,36105221052306,10454760
G7822 .M2 S50 .J31 II-B-51,xw138zf1730,https://purl.stanford.edu/xw138zf1730,滿州五万分一圖 - Manshū gomanbun no ichi zu,36105221052314,10454760
G7822 .M2 S50 .J31 II-B-52,sf914pp9935,https://purl.stanford.edu/sf914pp9935,滿州五万分一圖 - Manshū gomanbun no ichi zu,36105221052322,10454760
G7822 .M2 S50 .J31 II-B-53,ht318ky8563,https://purl.stanford.edu/ht318ky8563,滿州五万分一圖 - Manshū gomanbun no ichi zu,36105221052330,10454760
G7822 .M2 S50 .J31 II-B-54,hk283dy2988,https://purl.stanford.edu/hk283dy2988,滿州五万分一圖 - Manshū gomanbun no ichi zu,36105221052348,10454760
G7822 .M2 S50 .J31 II-B-55,mn815xy6658,https://purl.stanford.edu/mn815xy6658,滿州五万分一圖 - Manshū gomanbun no ichi zu,36105221052355,10454760
G7822 .M2 S50 .J31 II-B-56,jw721yt1792,https://purl.stanford.edu/jw721yt1792,滿州五万分一圖 - Manshū gomanbun no ichi zu,36105221052363,10454760
G7822 .M2 S50 .J31 II-B-57,jz627qq0729,https://purl.stanford.edu/jz627qq0729,滿州五万分一圖 - Manshū gomanbun no ichi zu,36105221052371,10454760
G7822 .M2 S50 .J31 II-B-58,sm755cm1003,https://purl.stanford.edu/sm755cm1003,滿州五万分一圖 - Manshū gomanbun no ichi zu,36105221052389,10454760
G7822 .M2 S50 .J31 II-B-59,zx776bb1263,https://purl.stanford.edu/zx776bb1263,滿州五万分一圖 - Manshū gomanbun no ichi zu,36105221052397,10454760
G7822 .M2 S50 .J31 II-B-60,xk461gq5559,https://purl.stanford.edu/xk461gq5559,滿州五万分一圖 - Manshū gomanbun no ichi zu,36105221052405,10454760
G7822 .M2 S50 .J31 II-B-61,ch289bz2248,https://purl.stanford.edu/ch289bz2248,滿州五万分一圖 - Manshū gomanbun no ichi zu,36105221052413,10454760
G7822 .M2 S50 .J31 II-B-62,ft083sc2615,https://purl.stanford.edu/ft083sc2615,滿州五万分一圖 - Manshū gomanbun no ichi zu,36105221052421,10454760
G7822 .M2 S50 .J31 II-B-63,sj878cw8843,https://purl.stanford.edu/sj878cw8843,滿州五万分一圖 - Manshū gomanbun no ichi zu,36105221052439,10454760
G7822 .M2 S50 .J31 II-B-64,rr066sq4701,https://purl.stanford.edu/rr066sq4701,滿州五万分一圖 - Manshū gomanbun no ichi zu,36105221052447,10454760
G7822 .M2 S50 .J31 II-B-65,yt993wr5604,https://purl.stanford.edu/yt993wr5604,滿州五万分一圖 - Manshū gomanbun no ichi zu,36105221052454,10454760
G7822 .M2 S50 .J31 II-B-66,zy750wf3684,https://purl.stanford.edu/zy750wf3684,滿州五万分一圖 - Manshū gomanbun no ichi zu,36105221052462,10454760
G7822 .M2 S50 .J31 II-B-67,pn647yj8087,https://purl.stanford.edu/pn647yj8087,滿州五万分一圖 - Manshū gomanbun no ichi zu,36105221052470,10454760
G7822 .M2 S50 .J31 II-B-68,zd519bh8342,https://purl.stanford.edu/zd519bh8342,滿州五万分一圖 - Manshū gomanbun no ichi zu,36105221052488,10454760
G7822 .M2 S50 .J31 II-B-69,nq657rz1962,https://purl.stanford.edu/nq657rz1962,滿州五万分一圖 - Manshū gomanbun no ichi zu,36105221052496,10454760
G7822 .M2 S50 .J31 II-C-2,sr035vf9766,https://purl.stanford.edu/sr035vf9766,滿州五万分一圖 - Manshū gomanbun no ichi zu,36105221052504,10454760
G7822 .M2 S50 .J31 II-C-3,kq232mq9754,https://purl.stanford.edu/kq232mq9754,滿州五万分一圖 - Manshū gomanbun no ichi zu,36105221052512,10454760
G7822 .M2 S50 .J31 II-C-4,xk002wh2941,https://purl.stanford.edu/xk002wh2941,滿州五万分一圖 - Manshū gomanbun no ichi zu,36105221052520,10454760
G7822 .M2 S50 .J31 II-C-5,jx769vr2317,https://purl.stanford.edu/jx769vr2317,滿州五万分一圖 - Manshū gomanbun no ichi zu,36105221052538,10454760
G7822 .M2 S50 .J31 II-C-6,hq886yx1287,https://purl.stanford.edu/hq886yx1287,滿州五万分一圖 - Manshū gomanbun no ichi zu,36105221052546,10454760
G7822 .M2 S50 .J31 II-C-7,zv195wz5927,https://purl.stanford.edu/zv195wz5927,滿州五万分一圖 - Manshū gomanbun no ichi zu,36105221052553,10454760
G7822 .M2 S50 .J31 II-C-8,gh517fw6053,https://purl.stanford.edu/gh517fw6053,滿州五万分一圖 - Manshū gomanbun no ichi zu,36105221052561,10454760
G7822 .M2 S50 .J31 II-C-9,rs062hm5315,https://purl.stanford.edu/rs062hm5315,滿州五万分一圖 - Manshū gomanbun no ichi zu,36105221052579,10454760
G7822 .M2 S50 .J31 II-C-10,mm744wf2958,https://purl.stanford.edu/mm744wf2958,滿州五万分一圖 - Manshū gomanbun no ichi zu,36105221052587,10454760
G7822 .M2 S50 .J31 II-C-11,nn168zq3796,https://purl.stanford.edu/nn168zq3796,滿州五万分一圖 - Manshū gomanbun no ichi zu,36105221052595,10454760
G7822 .M2 S50 .J31 II-C-12,xc886pg6154,https://purl.stanford.edu/xc886pg6154,滿州五万分一圖 - Manshū gomanbun no ichi zu,36105221052603,10454760
G7822 .M2 S50 .J31 II-C-13,gf455dp2168,https://purl.stanford.edu/gf455dp2168,滿州五万分一圖 - Manshū gomanbun no ichi zu,36105221052611,10454760
G7822 .M2 S50 .J31 II-C-14,zx433wn2557,https://purl.stanford.edu/zx433wn2557,滿州五万分一圖 - Manshū gomanbun no ichi zu,36105221052629,10454760
G7822 .M2 S50 .J31 II-C-15,kc550nk9522,https://purl.stanford.edu/kc550nk9522,滿州五万分一圖 - Manshū gomanbun no ichi zu,36105221052637,10454760
G7822 .M2 S50 .J31 II-C-16,zq105tk4713,https://purl.stanford.edu/zq105tk4713,滿州五万分一圖 - Manshū gomanbun no ichi zu,36105221052645,10454760
G7822 .M2 S50 .J31 II-C-21,jm309kh7395,https://purl.stanford.edu/jm309kh7395,滿州五万分一圖 - Manshū gomanbun no ichi zu,36105221052652,10454760
G7822 .M2 S50 .J31 II-C-22,wz624xg0856,https://purl.stanford.edu/wz624xg0856,滿州五万分一圖 - Manshū gomanbun no ichi zu,36105221052660,10454760
G7822 .M2 S50 .J31 II-D-18,ym254xd8030,https://purl.stanford.edu/ym254xd8030,滿州五万分一圖 - Manshū gomanbun no ichi zu,36105221052678,10454760
G7822 .M2 S50 .J31 II-D-19,nm837qp4786,https://purl.stanford.edu/nm837qp4786,滿州五万分一圖 - Manshū gomanbun no ichi zu,36105221052686,10454760
G7822 .M2 S50 .J31 II-D-20,pb966yj7062,https://purl.stanford.edu/pb966yj7062,滿州五万分一圖 - Manshū gomanbun no ichi zu,36105221052694,10454760
G7822 .M2 S50 .J31 II-D-21,kk764nx0978,https://purl.stanford.edu/kk764nx0978,滿州五万分一圖 - Manshū gomanbun no ichi zu,36105221052702,10454760
G7822 .M2 S50 .J31 II-D-22,yz694pz8086,https://purl.stanford.edu/yz694pz8086,滿州五万分一圖 - Manshū gomanbun no ichi zu,36105221052710,10454760
G7822 .M2 S50 .J31 II-D-23,bb547cy7604,https://purl.stanford.edu/bb547cy7604,滿州五万分一圖 - Manshū gomanbun no ichi zu,36105221052728,10454760
G7822 .M2 S50 .J31 II-D-24,zr235qv3697,https://purl.stanford.edu/zr235qv3697,滿州五万分一圖 - Manshū gomanbun no ichi zu,36105221052736,10454760
G7822 .M2 S50 .J31 II-D-25,mw124cj7235,https://purl.stanford.edu/mw124cj7235,滿州五万分一圖 - Manshū gomanbun no ichi zu,36105221052744,10454760
G7822 .M2 S50 .J31 II-D-27,nh154gh4447,https://purl.stanford.edu/nh154gh4447,滿州五万分一圖 - Manshū gomanbun no ichi zu,36105221052751,10454760
G7822 .M2 S50 .J31 II-D-29,zj969qd8593,https://purl.stanford.edu/zj969qd8593,滿州五万分一圖 - Manshū gomanbun no ichi zu,36105221052769,10454760
G7822 .M2 S50 .J31 II-D-30,yt639gq0464,https://purl.stanford.edu/yt639gq0464,滿州五万分一圖 - Manshū gomanbun no ichi zu,36105221052777,10454760
G7822 .M2 S50 .J31 II-D-31,jc774hk7658,https://purl.stanford.edu/jc774hk7658,滿州五万分一圖 - Manshū gomanbun no ichi zu,36105221052785,10454760
G7822 .M2 S50 .J31 II-D-32,zj805gw0083,https://purl.stanford.edu/zj805gw0083,滿州五万分一圖 - Manshū gomanbun no ichi zu,36105221052793,10454760
G7822 .M2 S50 .J31 II-D-33,hw009rp9638,https://purl.stanford.edu/hw009rp9638,滿州五万分一圖 - Manshū gomanbun no ichi zu,36105221052801,10454760
G7822 .M2 S50 .J31 III-A-1,qx804xj9055,https://purl.stanford.edu/qx804xj9055,滿州五万分一圖 - Manshū gomanbun no ichi zu,36105221052892,10454760
G7822 .M2 S50 .J31 III-A-2,nk361ds2773,https://purl.stanford.edu/nk361ds2773,滿州五万分一圖 - Manshū gomanbun no ichi zu,36105221052900,10454760
G7822 .M2 S50 .J31 III-A-3,jx104px0446,https://purl.stanford.edu/jx104px0446,滿州五万分一圖 - Manshū gomanbun no ichi zu,36105221052918,10454760
G7822 .M2 S50 .J31 III-A-4,nh789mz7149,https://purl.stanford.edu/nh789mz7149,滿州五万分一圖 - Manshū gomanbun no ichi zu,36105221052926,10454760
G7822 .M2 S50 .J31 III-A-5,cm242jp7942,https://purl.stanford.edu/cm242jp7942,滿州五万分一圖 - Manshū gomanbun no ichi zu,36105221052934,10454760
G7822 .M2 S50 .J31 III-A-6,cm661pg7143,https://purl.stanford.edu/cm661pg7143,滿州五万分一圖 - Manshū gomanbun no ichi zu,36105221052942,10454760
G7822 .M2 S50 .J31 III-A-7,dd237fc4797,https://purl.stanford.edu/dd237fc4797,滿州五万分一圖 - Manshū gomanbun no ichi zu,36105221052959,10454760
G7822 .M2 S50 .J31 III-A-8,pn897vp4868,https://purl.stanford.edu/pn897vp4868,滿州五万分一圖 - Manshū gomanbun no ichi zu,36105221052967,10454760
G7822 .M2 S50 .J31 III-A-9,gf294pw6607,https://purl.stanford.edu/gf294pw6607,滿州五万分一圖 - Manshū gomanbun no ichi zu,36105221052975,10454760
G7822 .M2 S50 .J31 III-A-10,rv929wg4097,https://purl.stanford.edu/rv929wg4097,滿州五万分一圖 - Manshū gomanbun no ichi zu,36105221052983,10454760
G7822 .M2 S50 .J31 III-A-11,hb616tj1646,https://purl.stanford.edu/hb616tj1646,滿州五万分一圖 - Manshū gomanbun no ichi zu,36105221052991,10454760
G7822 .M2 S50 .J31 III-A-12,ry549bd8048,https://purl.stanford.edu/ry549bd8048,滿州五万分一圖 - Manshū gomanbun no ichi zu,36105221053007,10454760
G7822 .M2 S50 .J31 III-A-13,rf959qf5487,https://purl.stanford.edu/rf959qf5487,滿州五万分一圖 - Manshū gomanbun no ichi zu,36105221053015,10454760
G7822 .M2 S50 .J31 III-A-14,yh855ch7487,https://purl.stanford.edu/yh855ch7487,滿州五万分一圖 - Manshū gomanbun no ichi zu,36105221053023,10454760
G7822 .M2 S50 .J31 III-A-15,xf332kr9721,https://purl.stanford.edu/xf332kr9721,滿州五万分一圖 - Manshū gomanbun no ichi zu,36105221053031,10454760
G7822 .M2 S50 .J31 III-A-16,cp737py6879,https://purl.stanford.edu/cp737py6879,滿州五万分一圖 - Manshū gomanbun no ichi zu,36105221053049,10454760
G7822 .M2 S50 .J31 III-A-17,jz718qs1225,https://purl.stanford.edu/jz718qs1225,滿州五万分一圖 - Manshū gomanbun no ichi zu,36105221053056,10454760
G7822 .M2 S50 .J31 III-A-18,xk323yb5236,https://purl.stanford.edu/xk323yb5236,滿州五万分一圖 - Manshū gomanbun no ichi zu,36105221053064,10454760
G7822 .M2 S50 .J31 III-A-19,rb741xw9426,https://purl.stanford.edu/rb741xw9426,滿州五万分一圖 - Manshū gomanbun no ichi zu,36105221053072,10454760
G7822 .M2 S50 .J31 III-A-20,wj648hr6987,https://purl.stanford.edu/wj648hr6987,滿州五万分一圖 - Manshū gomanbun no ichi zu,36105221053080,10454760
G7822 .M2 S50 .J31 III-A-21,mp773kk2213,https://purl.stanford.edu/mp773kk2213,滿州五万分一圖 - Manshū gomanbun no ichi zu,36105221053098,10454760
G7822 .M2 S50 .J31 III-A-22,gw251jg8682,https://purl.stanford.edu/gw251jg8682,滿州五万分一圖 - Manshū gomanbun no ichi zu,36105221053106,10454760
G7822 .M2 S50 .J31 III-A-23,ph179vy1294,https://purl.stanford.edu/ph179vy1294,滿州五万分一圖 - Manshū gomanbun no ichi zu,36105221053114,10454760
G7822 .M2 S50 .J31 III-A-24,xd314cy7176,https://purl.stanford.edu/xd314cy7176,滿州五万分一圖 - Manshū gomanbun no ichi zu,36105221053122,10454760
G7822 .M2 S50 .J31 III-A-25,mv767fp0080,https://purl.stanford.edu/mv767fp0080,滿州五万分一圖 - Manshū gomanbun no ichi zu,36105221053130,10454760
G7822 .M2 S50 .J31 III-A-26,vj696cm3688,https://purl.stanford.edu/vj696cm3688,滿州五万分一圖 - Manshū gomanbun no ichi zu,36105221053148,10454760
G7822 .M2 S50 .J31 III-A-27,mr050dj7451,https://purl.stanford.edu/mr050dj7451,滿州五万分一圖 - Manshū gomanbun no ichi zu,36105221053155,10454760
G7822 .M2 S50 .J31 III-A-28,gz749vv6909,https://purl.stanford.edu/gz749vv6909,滿州五万分一圖 - Manshū gomanbun no ichi zu,36105221053163,10454760
G7822 .M2 S50 .J31 III-A-29,jn970xj6811,https://purl.stanford.edu/jn970xj6811,滿州五万分一圖 - Manshū gomanbun no ichi zu,36105221053171,10454760
G7822 .M2 S50 .J31 III-A-30,jp086fj2419,https://purl.stanford.edu/jp086fj2419,滿州五万分一圖 - Manshū gomanbun no ichi zu,36105221053189,10454760
G7822 .M2 S50 .J31 III-A-31,fm507cc5748,https://purl.stanford.edu/fm507cc5748,滿州五万分一圖 - Manshū gomanbun no ichi zu,36105221053197,10454760
G7822 .M2 S50 .J31 III-A-32,qw930zg7678,https://purl.stanford.edu/qw930zg7678,滿州五万分一圖 - Manshū gomanbun no ichi zu,36105221053205,10454760
G7822 .M2 S50 .J31 III-A-33,wq335yw0088,https://purl.stanford.edu/wq335yw0088,滿州五万分一圖 - Manshū gomanbun no ichi zu,36105221053213,10454760
G7822 .M2 S50 .J31 III-A-34,nn192tq4317,https://purl.stanford.edu/nn192tq4317,滿州五万分一圖 - Manshū gomanbun no ichi zu,36105221053221,10454760
G7822 .M2 S50 .J31 III-A-35,ch561zy2551,https://purl.stanford.edu/ch561zy2551,滿州五万分一圖 - Manshū gomanbun no ichi zu,36105221053239,10454760
G7822 .M2 S50 .J31 III-A-36,nb769mq7425,https://purl.stanford.edu/nb769mq7425,滿州五万分一圖 - Manshū gomanbun no ichi zu,36105221053247,10454760
G7822 .M2 S50 .J31 III-A-37,yf141gx2601,https://purl.stanford.edu/yf141gx2601,滿州五万分一圖 - Manshū gomanbun no ichi zu,36105221053254,10454760
G7822 .M2 S50 .J31 III-A-38,nm615hh2637,https://purl.stanford.edu/nm615hh2637,滿州五万分一圖 - Manshū gomanbun no ichi zu,36105221053262,10454760
G7822 .M2 S50 .J31 III-A-39,wc544gs9211,https://purl.stanford.edu/wc544gs9211,滿州五万分一圖 - Manshū gomanbun no ichi zu,36105221053270,10454760
G7822 .M2 S50 .J31 III-A-40,jr828bb6257,https://purl.stanford.edu/jr828bb6257,滿州五万分一圖 - Manshū gomanbun no ichi zu,36105221053288,10454760
G7822 .M2 S50 .J31 III-A-41,rm014yr1343,https://purl.stanford.edu/rm014yr1343,滿州五万分一圖 - Manshū gomanbun no ichi zu,36105221053296,10454760
G7822 .M2 S50 .J31 III-A-42,gv202nk1721,https://purl.stanford.edu/gv202nk1721,滿州五万分一圖 - Manshū gomanbun no ichi zu,36105221053304,10454760
G7822 .M2 S50 .J31 III-A-43,zv341wc1905,https://purl.stanford.edu/zv341wc1905,滿州五万分一圖 - Manshū gomanbun no ichi zu,36105221053312,10454760
G7822 .M2 S50 .J31 III-A-44,cz806yt2961,https://purl.stanford.edu/cz806yt2961,滿州五万分一圖 - Manshū gomanbun no ichi zu,36105221053320,10454760
G7822 .M2 S50 .J31 III-A-45,vm731wb2501,https://purl.stanford.edu/vm731wb2501,滿州五万分一圖 - Manshū gomanbun no ichi zu,36105221053338,10454760
G7822 .M2 S50 .J31 III-A-46,rc483rk6963,https://purl.stanford.edu/rc483rk6963,滿州五万分一圖 - Manshū gomanbun no ichi zu,36105221053346,10454760
G7822 .M2 S50 .J31 III-B-1,zg483gk1104,https://purl.stanford.edu/zg483gk1104,滿州五万分一圖 - Manshū gomanbun no ichi zu,36105221053353,10454760
G7822 .M2 S50 .J31 III-B-2,sq598cq1622,https://purl.stanford.edu/sq598cq1622,滿州五万分一圖 - Manshū gomanbun no ichi zu,36105221053361,10454760
G7822 .M2 S50 .J31 III-B-3,hj295tm0577,https://purl.stanford.edu/hj295tm0577,滿州五万分一圖 - Manshū gomanbun no ichi zu,36105221053379,10454760
G7822 .M2 S50 .J31 III-B-4,vv338rj5421,https://purl.stanford.edu/vv338rj5421,滿州五万分一圖 - Manshū gomanbun no ichi zu,36105221053387,10454760
G7822 .M2 S50 .J31 III-B-5,yf918yp8633,https://purl.stanford.edu/yf918yp8633,滿州五万分一圖 - Manshū gomanbun no ichi zu,36105221053395,10454760
G7822 .M2 S50 .J31 III-B-6,yb894st4624,https://purl.stanford.edu/yb894st4624,滿州五万分一圖 - Manshū gomanbun no ichi zu,36105221054005,10454760
G7822 .M2 S50 .J31 III-B-7,kd772xn4129,https://purl.stanford.edu/kd772xn4129,滿州五万分一圖 - Manshū gomanbun no ichi zu,36105221054013,10454760
G7822 .M2 S50 .J31 III-B-8,dr794fx5239,https://purl.stanford.edu/dr794fx5239,滿州五万分一圖 - Manshū gomanbun no ichi zu,36105221054021,10454760
G7822 .M2 S50 .J31 III-B-9,wp194gm3531,https://purl.stanford.edu/wp194gm3531,滿州五万分一圖 - Manshū gomanbun no ichi zu,36105221054039,10454760
G7822 .M2 S50 .J31 III-B-10,kp770ry4421,https://purl.stanford.edu/kp770ry4421,滿州五万分一圖 - Manshū gomanbun no ichi zu,36105221054047,10454760
G7822 .M2 S50 .J31 III-B-11,zb028qt1059,https://purl.stanford.edu/zb028qt1059,滿州五万分一圖 - Manshū gomanbun no ichi zu,36105221054054,10454760
G7822 .M2 S50 .J31 III-B-12,nj638jr9743,https://purl.stanford.edu/nj638jr9743,滿州五万分一圖 - Manshū gomanbun no ichi zu,36105221054062,10454760
G7822 .M2 S50 .J31 III-B-13,dh651jw0984,https://purl.stanford.edu/dh651jw0984,滿州五万分一圖 - Manshū gomanbun no ichi zu,36105221054070,10454760
G7822 .M2 S50 .J31 III-B-14,wj787dc7295,https://purl.stanford.edu/wj787dc7295,滿州五万分一圖 - Manshū gomanbun no ichi zu,36105221054088,10454760
G7822 .M2 S50 .J31 III-B-15,bt685vk8829,https://purl.stanford.edu/bt685vk8829,滿州五万分一圖 - Manshū gomanbun no ichi zu,36105221054096,10454760
G7822 .M2 S50 .J31 III-B-16,qw857jt4391,https://purl.stanford.edu/qw857jt4391,滿州五万分一圖 - Manshū gomanbun no ichi zu,36105221054104,10454760
G7822 .M2 S50 .J31 III-B-17,fs949kc4212,https://purl.stanford.edu/fs949kc4212,滿州五万分一圖 - Manshū gomanbun no ichi zu,36105221054112,10454760
G7822 .M2 S50 .J31 III-B-18,jm177rw9175,https://purl.stanford.edu/jm177rw9175,滿州五万分一圖 - Manshū gomanbun no ichi zu,36105221054120,10454760
G7822 .M2 S50 .J31 III-B-19,cy712mp0821,https://purl.stanford.edu/cy712mp0821,滿州五万分一圖 - Manshū gomanbun no ichi zu,36105221054138,10454760
G7822 .M2 S50 .J31 III-B-20,xs997bf1939,https://purl.stanford.edu/xs997bf1939,滿州五万分一圖 - Manshū gomanbun no ichi zu,36105221054146,10454760
G7822 .M2 S50 .J31 III-B-21,cs256cw3285,https://purl.stanford.edu/cs256cw3285,滿州五万分一圖 - Manshū gomanbun no ichi zu,36105221054153,10454760
G7822 .M2 S50 .J31 III-B-22,ww929gk7766,https://purl.stanford.edu/ww929gk7766,滿州五万分一圖 - Manshū gomanbun no ichi zu,36105221054161,10454760
G7822 .M2 S50 .J31 III-B-23,sb708nv3381,https://purl.stanford.edu/sb708nv3381,滿州五万分一圖 - Manshū gomanbun no ichi zu,36105221054179,10454760
G7822 .M2 S50 .J31 III-B-24,fx763fn2976,https://purl.stanford.edu/fx763fn2976,滿州五万分一圖 - Manshū gomanbun no ichi zu,36105221054187,10454760
G7822 .M2 S50 .J31 III-B-25,qb313gb6441,https://purl.stanford.edu/qb313gb6441,滿州五万分一圖 - Manshū gomanbun no ichi zu,36105221054195,10454760
G7822 .M2 S50 .J31 III-C-1,kd672dk3245,https://purl.stanford.edu/kd672dk3245,滿州五万分一圖 - Manshū gomanbun no ichi zu,36105221054203,10454760
G7822 .M2 S50 .J31 III-C-2,yj864hy9552,https://purl.stanford.edu/yj864hy9552,滿州五万分一圖 - Manshū gomanbun no ichi zu,36105221054211,10454760
G7822 .M2 S50 .J31 III-C-3,gq465kt4301,https://purl.stanford.edu/gq465kt4301,滿州五万分一圖 - Manshū gomanbun no ichi zu,36105221054229,10454760
G7822 .M2 S50 .J31 III-C-4,jh927jm9113,https://purl.stanford.edu/jh927jm9113,滿州五万分一圖 - Manshū gomanbun no ichi zu,36105221054237,10454760
G7822 .M2 S50 .J31 III-C-5,yh593vw6221,https://purl.stanford.edu/yh593vw6221,滿州五万分一圖 - Manshū gomanbun no ichi zu,36105221054245,10454760
G7822 .M2 S50 .J31 III-C-6,xg723mh9219,https://purl.stanford.edu/xg723mh9219,滿州五万分一圖 - Manshū gomanbun no ichi zu,36105221054252,10454760
G7822 .M2 S50 .J31 III-C-7,jm261sy8188,https://purl.stanford.edu/jm261sy8188,滿州五万分一圖 - Manshū gomanbun no ichi zu,36105221054260,10454760
G7822 .M2 S50 .J31 III-C-8,gc128pm0710,https://purl.stanford.edu/gc128pm0710,滿州五万分一圖 - Manshū gomanbun no ichi zu,36105221054278,10454760
G7822 .M2 S50 .J31 III-C-9,qk284sv6244,https://purl.stanford.edu/qk284sv6244,滿州五万分一圖 - Manshū gomanbun no ichi zu,36105221054286,10454760
G7822 .M2 S50 .J31 III-C-10,rp081mf3909,https://purl.stanford.edu/rp081mf3909,滿州五万分一圖 - Manshū gomanbun no ichi zu,36105221054294,10454760
G7822 .M2 S50 .J31 III-C-11,gf272fw5141,https://purl.stanford.edu/gf272fw5141,滿州五万分一圖 - Manshū gomanbun no ichi zu,36105221054302,10454760
G7822 .M2 S50 .J31 III-C-12,sx853mv3855,https://purl.stanford.edu/sx853mv3855,滿州五万分一圖 - Manshū gomanbun no ichi zu,36105221054310,10454760
G7822 .M2 S50 .J31 III-C-13,jf627kf8620,https://purl.stanford.edu/jf627kf8620,滿州五万分一圖 - Manshū gomanbun no ichi zu,36105221054328,10454760
G7822 .M2 S50 .J31 III-C-14,wx199tq2733,https://purl.stanford.edu/wx199tq2733,滿州五万分一圖 - Manshū gomanbun no ichi zu,36105221054336,10454760
G7822 .M2 S50 .J31 III-C-15,cr011rv3828,https://purl.stanford.edu/cr011rv3828,滿州五万分一圖 - Manshū gomanbun no ichi zu,36105221054344,10454760
G7822 .M2 S50 .J31 III-C-16,qy127dd5330,https://purl.stanford.edu/qy127dd5330,滿州五万分一圖 - Manshū gomanbun no ichi zu,36105221054351,10454760
G7822 .M2 S50 .J31 III-C-17,zs714qx1235,https://purl.stanford.edu/zs714qx1235,滿州五万分一圖 - Manshū gomanbun no ichi zu,36105221054369,10454760
G7822 .M2 S50 .J31 III-C-18,wf260jw2967,https://purl.stanford.edu/wf260jw2967,滿州五万分一圖 - Manshū gomanbun no ichi zu,36105221054377,10454760
G7822 .M2 S50 .J31 III-C-19,gc660rp2027,https://purl.stanford.edu/gc660rp2027,滿州五万分一圖 - Manshū gomanbun no ichi zu,36105221054385,10454760
G7822 .M2 S50 .J31 III-C-20,fk307xd4118,https://purl.stanford.edu/fk307xd4118,滿州五万分一圖 - Manshū gomanbun no ichi zu,36105221054393,10454760
G7822 .M2 S50 .J31 III-C-21,qg621qz4951,https://purl.stanford.edu/qg621qz4951,滿州五万分一圖 - Manshū gomanbun no ichi zu,36105221054401,10454760
G7822 .M2 S50 .J31 III-C-22,mw448qp5413,https://purl.stanford.edu/mw448qp5413,滿州五万分一圖 - Manshū gomanbun no ichi zu,36105221054419,10454760
G7822 .M2 S50 .J31 III-C-23,ym258pd3117,https://purl.stanford.edu/ym258pd3117,滿州五万分一圖 - Manshū gomanbun no ichi zu,36105221054427,10454760
G7822 .M2 S50 .J31 III-C-24,ps903kn4073,https://purl.stanford.edu/ps903kn4073,滿州五万分一圖 - Manshū gomanbun no ichi zu,36105221054435,10454760
G7822 .M2 S50 .J31 III-C-25,yw818zw2662,https://purl.stanford.edu/yw818zw2662,滿州五万分一圖 - Manshū gomanbun no ichi zu,36105221054443,10454760
G7822 .M2 S50 .J31 III-C-26,jp845xw9123,https://purl.stanford.edu/jp845xw9123,滿州五万分一圖 - Manshū gomanbun no ichi zu,36105221054450,10454760
G7822 .M2 S50 .J31 III-C-27,ps804qf9901,https://purl.stanford.edu/ps804qf9901,滿州五万分一圖 - Manshū gomanbun no ichi zu,36105221054468,10454760
G7822 .M2 S50 .J31 III-C-28,sd730mx7653,https://purl.stanford.edu/sd730mx7653,滿州五万分一圖 - Manshū gomanbun no ichi zu,36105221054476,10454760
G7822 .M2 S50 .J31 III-C-29,yp757hj1388,https://purl.stanford.edu/yp757hj1388,滿州五万分一圖 - Manshū gomanbun no ichi zu,36105221054484,10454760
G7822 .M2 S50 .J31 III-C-30,sw692xm7074,https://purl.stanford.edu/sw692xm7074,滿州五万分一圖 - Manshū gomanbun no ichi zu,36105221054492,10454760
G7822 .M2 S50 .J31 III-C-31,pm552sd0748,https://purl.stanford.edu/pm552sd0748,滿州五万分一圖 - Manshū gomanbun no ichi zu,36105221054500,10454760
G7822 .M2 S50 .J31 III-C-32,bt233hx9199,https://purl.stanford.edu/bt233hx9199,滿州五万分一圖 - Manshū gomanbun no ichi zu,36105221054518,10454760
G7822 .M2 S50 .J31 III-C-33,hp120qw7387,https://purl.stanford.edu/hp120qw7387,滿州五万分一圖 - Manshū gomanbun no ichi zu,36105221054526,10454760
G7822 .M2 S50 .J31 III-C-35,bc649sk5365,https://purl.stanford.edu/bc649sk5365,滿州五万分一圖 - Manshū gomanbun no ichi zu,36105221054534,10454760
G7822 .M2 S50 .J31 III-C-36,zv649tg8289,https://purl.stanford.edu/zv649tg8289,滿州五万分一圖 - Manshū gomanbun no ichi zu,36105221054542,10454760
G7822 .M2 S50 .J31 III-C-37,dq147bs6213,https://purl.stanford.edu/dq147bs6213,滿州五万分一圖 - Manshū gomanbun no ichi zu,36105221054559,10454760
G7822 .M2 S50 .J31 III-C-38,gr748kv3319,https://purl.stanford.edu/gr748kv3319,滿州五万分一圖 - Manshū gomanbun no ichi zu,36105221054567,10454760
G7822 .M2 S50 .J31 III-C-39,yb323dc2785,https://purl.stanford.edu/yb323dc2785,滿州五万分一圖 - Manshū gomanbun no ichi zu,36105221054575,10454760
G7822 .M2 S50 .J31 III-C-40,jw705xh0274,https://purl.stanford.edu/jw705xh0274,滿州五万分一圖 - Manshū gomanbun no ichi zu,36105221054583,10454760
G7822 .M2 S50 .J31 III-C-41,zw406tk6729,https://purl.stanford.edu/zw406tk6729,滿州五万分一圖 - Manshū gomanbun no ichi zu,36105221054591,10454760
G7822 .M2 S50 .J31 III-C-42,mh338dc7709,https://purl.stanford.edu/mh338dc7709,滿州五万分一圖 - Manshū gomanbun no ichi zu,36105221061208,10454760
G7822 .M2 S50 .J31 III-C-43,mk920rk2609,https://purl.stanford.edu/mk920rk2609,滿州五万分一圖 - Manshū gomanbun no ichi zu,36105221061216,10454760
G7822 .M2 S50 .J31 III-C-44,hm552ns8083,https://purl.stanford.edu/hm552ns8083,滿州五万分一圖 - Manshū gomanbun no ichi zu,36105221061224,10454760
G7822 .M2 S50 .J31 III-C-45,zc278wq6043,https://purl.stanford.edu/zc278wq6043,滿州五万分一圖 - Manshū gomanbun no ichi zu,36105221061232,10454760
G7822 .M2 S50 .J31 III-C-46,gd715bz0316,https://purl.stanford.edu/gd715bz0316,滿州五万分一圖 - Manshū gomanbun no ichi zu,36105221061240,10454760
G7822 .M2 S50 .J31 III-D-1,dr085sb5269,https://purl.stanford.edu/dr085sb5269,滿州五万分一圖 - Manshū gomanbun no ichi zu,36105221061257,10454760
G7822 .M2 S50 .J31 III-D-2,qn070nr6060,https://purl.stanford.edu/qn070nr6060,滿州五万分一圖 - Manshū gomanbun no ichi zu,36105221061265,10454760
G7822 .M2 S50 .J31 III-D-3,kb613ns8350,https://purl.stanford.edu/kb613ns8350,滿州五万分一圖 - Manshū gomanbun no ichi zu,36105221061273,10454760
G7822 .M2 S50 .J31 III-D-4,xc395mt5545,https://purl.stanford.edu/xc395mt5545,滿州五万分一圖 - Manshū gomanbun no ichi zu,36105221061281,10454760
G7822 .M2 S50 .J31 III-D-5,fy687hp8767,https://purl.stanford.edu/fy687hp8767,滿州五万分一圖 - Manshū gomanbun no ichi zu,36105221061299,10454760
G7822 .M2 S50 .J31 III-D-6,mm618mv4987,https://purl.stanford.edu/mm618mv4987,滿州五万分一圖 - Manshū gomanbun no ichi zu,36105221061307,10454760
G7822 .M2 S50 .J31 III-D-7,pn637px8420,https://purl.stanford.edu/pn637px8420,滿州五万分一圖 - Manshū gomanbun no ichi zu,36105221061315,10454760
G7822 .M2 S50 .J31 III-D-8,js371kp9595,https://purl.stanford.edu/js371kp9595,滿州五万分一圖 - Manshū gomanbun no ichi zu,36105221061323,10454760
G7822 .M2 S50 .J31 III-D-9,dc882nd2896,https://purl.stanford.edu/dc882nd2896,滿州五万分一圖 - Manshū gomanbun no ichi zu,36105221061331,10454760
G7822 .M2 S50 .J31 III-D-10,jc964cb4334,https://purl.stanford.edu/jc964cb4334,滿州五万分一圖 - Manshū gomanbun no ichi zu,36105221061349,10454760
G7822 .M2 S50 .J31 III-D-11,gc997xc2099,https://purl.stanford.edu/gc997xc2099,滿州五万分一圖 - Manshū gomanbun no ichi zu,36105221061356,10454760
G7822 .M2 S50 .J31 III-D-12,xm620zj6508,https://purl.stanford.edu/xm620zj6508,滿州五万分一圖 - Manshū gomanbun no ichi zu,36105221061364,10454760
G7822 .M2 S50 .J31 III-D-13,ww903fw0802,https://purl.stanford.edu/ww903fw0802,滿州五万分一圖 - Manshū gomanbun no ichi zu,36105221061372,10454760
G7822 .M2 S50 .J31 III-D-14,yx870sd6635,https://purl.stanford.edu/yx870sd6635,滿州五万分一圖 - Manshū gomanbun no ichi zu,36105221061380,10454760
G7822 .M2 S50 .J31 III-D-15,jf764kf4064,https://purl.stanford.edu/jf764kf4064,滿州五万分一圖 - Manshū gomanbun no ichi zu,36105221061398,10454760
G7822 .M2 S50 .J31 III-D-16,cg156kr6492,https://purl.stanford.edu/cg156kr6492,滿州五万分一圖 - Manshū gomanbun no ichi zu,36105221061406,10454760
G7822 .M2 S50 .J31 III-D-18,fm859yw3566,https://purl.stanford.edu/fm859yw3566,滿州五万分一圖 - Manshū gomanbun no ichi zu,36105221061414,10454760
G7822 .M2 S50 .J31 III-D-19,rx732gv0094,https://purl.stanford.edu/rx732gv0094,滿州五万分一圖 - Manshū gomanbun no ichi zu,36105221061422,10454760
G7822 .M2 S50 .J31 III-D-20,sv477qk5806,https://purl.stanford.edu/sv477qk5806,滿州五万分一圖 - Manshū gomanbun no ichi zu,36105221061430,10454760
G7822 .M2 S50 .J31 III-D-21,wv083kd9508,https://purl.stanford.edu/wv083kd9508,滿州五万分一圖 - Manshū gomanbun no ichi zu,36105221061448,10454760
G7822 .M2 S50 .J31 III-D-22,vh363mf1150,https://purl.stanford.edu/vh363mf1150,滿州五万分一圖 - Manshū gomanbun no ichi zu,36105221061455,10454760
G7822 .M2 S50 .J31 III-D-23,zf883pt6454,https://purl.stanford.edu/zf883pt6454,滿州五万分一圖 - Manshū gomanbun no ichi zu,36105221061463,10454760
G7822 .M2 S50 .J31 III-D-24,hp850cb7444,https://purl.stanford.edu/hp850cb7444,滿州五万分一圖 - Manshū gomanbun no ichi zu,36105221061471,10454760
G7822 .M2 S50 .J31 III-D-25,ts698vm5016,https://purl.stanford.edu/ts698vm5016,滿州五万分一圖 - Manshū gomanbun no ichi zu,36105221061489,10454760
G7822 .M2 S50 .J31 III-D-28,hz065rk8637,https://purl.stanford.edu/hz065rk8637,滿州五万分一圖 - Manshū gomanbun no ichi zu,36105221061497,10454760
G7822 .M2 S50 .J31 III-D-29,fk087tn6867,https://purl.stanford.edu/fk087tn6867,滿州五万分一圖 - Manshū gomanbun no ichi zu,36105221061505,10454760
G7822 .M2 S50 .J31 III-D-30,nc761gz6874,https://purl.stanford.edu/nc761gz6874,滿州五万分一圖 - Manshū gomanbun no ichi zu,36105221061513,10454760
G7822 .M2 S50 .J31 III-D-31,xp422dx3600,https://purl.stanford.edu/xp422dx3600,滿州五万分一圖 - Manshū gomanbun no ichi zu,36105221061521,10454760
G7822 .M2 S50 .J31 III-D-32,kg189gv2994,https://purl.stanford.edu/kg189gv2994,滿州五万分一圖 - Manshū gomanbun no ichi zu,36105221061539,10454760
G7822 .M2 S50 .J31 III-D-33,jb801pb5484,https://purl.stanford.edu/jb801pb5484,滿州五万分一圖 - Manshū gomanbun no ichi zu,36105221061547,10454760
G7822 .M2 S50 .J31 III-D-34,rp296mj5437,https://purl.stanford.edu/rp296mj5437,滿州五万分一圖 - Manshū gomanbun no ichi zu,36105221061554,10454760
G7822 .M2 S50 .J31 III-D-35,fm764kp7035,https://purl.stanford.edu/fm764kp7035,滿州五万分一圖 - Manshū gomanbun no ichi zu,36105221061562,10454760
G7822 .M2 S50 .J31 III-D-38,sw352dh6203,https://purl.stanford.edu/sw352dh6203,滿州五万分一圖 - Manshū gomanbun no ichi zu,36105221061570,10454760
G7822 .M2 S50 .J31 III-D-39,qs338dh5295,https://purl.stanford.edu/qs338dh5295,滿州五万分一圖 - Manshū gomanbun no ichi zu,36105221061588,10454760
G7822 .M2 S50 .J31 III-D-40,nm182qy7110,https://purl.stanford.edu/nm182qy7110,滿州五万分一圖 - Manshū gomanbun no ichi zu,36105221061596,10454760
G7822 .M2 S50 .J31 III-D-41,qm348yh2524,https://purl.stanford.edu/qm348yh2524,滿州五万分一圖 - Manshū gomanbun no ichi zu,36105221061604,10454760
G7822 .M2 S50 .J31 III-D-42,yz856mn0558,https://purl.stanford.edu/yz856mn0558,滿州五万分一圖 - Manshū gomanbun no ichi zu,36105221061612,10454760
G7822 .M2 S50 .J31 III-D-43,qz811tv6426,https://purl.stanford.edu/qz811tv6426,滿州五万分一圖 - Manshū gomanbun no ichi zu,36105221061620,10454760
G7822 .M2 S50 .J31 III-D-44,xs577pd9260,https://purl.stanford.edu/xs577pd9260,滿州五万分一圖 - Manshū gomanbun no ichi zu,36105221061638,10454760
G7822 .M2 S50 .J31 III-D-45,nz717nq3892,https://purl.stanford.edu/nz717nq3892,滿州五万分一圖 - Manshū gomanbun no ichi zu,36105221061646,10454760
G7822 .M2 S50 .J31 III-D-48,jp708cz1152,https://purl.stanford.edu/jp708cz1152,滿州五万分一圖 - Manshū gomanbun no ichi zu,36105221061653,10454760
G7822 .M2 S50 .J31 III-D-49,ks768tb1175,https://purl.stanford.edu/ks768tb1175,滿州五万分一圖 - Manshū gomanbun no ichi zu,36105221061661,10454760
G7822 .M2 S50 .J31 III-D-50,wr294hh7190,https://purl.stanford.edu/wr294hh7190,滿州五万分一圖 - Manshū gomanbun no ichi zu,36105221061679,10454760
G7822 .M2 S50 .J31 III-D-51,bv499gt2865,https://purl.stanford.edu/bv499gt2865,滿州五万分一圖 - Manshū gomanbun no ichi zu,36105221061687,10454760
G7822 .M2 S50 .J31 III-D-52,sh963jp8333,https://purl.stanford.edu/sh963jp8333,滿州五万分一圖 - Manshū gomanbun no ichi zu,36105221061695,10454760
G7822 .M2 S50 .J31 III-D-53,yj801bv9783,https://purl.stanford.edu/yj801bv9783,滿州五万分一圖 - Manshū gomanbun no ichi zu,36105221061703,10454760
G7822 .M2 S50 .J31 III-D-54,wn206st5948,https://purl.stanford.edu/wn206st5948,滿州五万分一圖 - Manshū gomanbun no ichi zu,36105221061711,10454760
G7822 .M2 S50 .J31 III-D-55,gz815fk4668,https://purl.stanford.edu/gz815fk4668,滿州五万分一圖 - Manshū gomanbun no ichi zu,36105221061729,10454760
G7822 .M2 S50 .J31 III-D-58,jj190nz1622,https://purl.stanford.edu/jj190nz1622,滿州五万分一圖 - Manshū gomanbun no ichi zu,36105221061737,10454760
G7822 .M2 S50 .J31 III-D-59,mb681mk3786,https://purl.stanford.edu/mb681mk3786,滿州五万分一圖 - Manshū gomanbun no ichi zu,36105221061745,10454760
G7822 .M2 S50 .J31 III-D-60,xn886ks5033,https://purl.stanford.edu/xn886ks5033,滿州五万分一圖 - Manshū gomanbun no ichi zu,36105221061752,10454760
G7822 .M2 S50 .J31 III-D-61,yx362vh6336,https://purl.stanford.edu/yx362vh6336,滿州五万分一圖 - Manshū gomanbun no ichi zu,36105221061760,10454760
G7822 .M2 S50 .J31 III-D-62,bz562vc4179,https://purl.stanford.edu/bz562vc4179,滿州五万分一圖 - Manshū gomanbun no ichi zu,36105221061778,10454760
G7822 .M2 S50 .J31 III-D-63,xq399qz2326,https://purl.stanford.edu/xq399qz2326,滿州五万分一圖 - Manshū gomanbun no ichi zu,36105221061786,10454760
G7822 .M2 S50 .J31 III-D-64,nj345ks9353,https://purl.stanford.edu/nj345ks9353,滿州五万分一圖 - Manshū gomanbun no ichi zu,36105221061794,10454760
G7822 .M2 S50 .J31 III-D-65,vv366sv9083,https://purl.stanford.edu/vv366sv9083,滿州五万分一圖 - Manshū gomanbun no ichi zu,36105221061802,10454760
G7822 .M2 S50 .J31 III-D-68,hz339hd2647,https://purl.stanford.edu/hz339hd2647,滿州五万分一圖 - Manshū gomanbun no ichi zu,36105221061810,10454760
G7822 .M2 S50 .J31 III-D-69,zz693fv5623,https://purl.stanford.edu/zz693fv5623,滿州五万分一圖 - Manshū gomanbun no ichi zu,36105221061828,10454760
G7822 .M2 S50 .J31 III-D-70,bz222vj3494,https://purl.stanford.edu/bz222vj3494,滿州五万分一圖 - Manshū gomanbun no ichi zu,36105221061836,10454760
G7822 .M2 S50 .J31 III-D-71,kh465gv3601,https://purl.stanford.edu/kh465gv3601,滿州五万分一圖 - Manshū gomanbun no ichi zu,36105221061844,10454760
G7822 .M2 S50 .J31 III-D-72,dg615gv9576,https://purl.stanford.edu/dg615gv9576,滿州五万分一圖 - Manshū gomanbun no ichi zu,36105221061851,10454760
G7822 .M2 S50 .J31 III-D-73,nc955tj3461,https://purl.stanford.edu/nc955tj3461,滿州五万分一圖 - Manshū gomanbun no ichi zu,36105221061869,10454760
G7822 .M2 S50 .J31 III-D-74,kk243ps2912,https://purl.stanford.edu/kk243ps2912,滿州五万分一圖 - Manshū gomanbun no ichi zu,36105221061877,10454760
G7822 .M2 S50 .J31 III-D-75,nd792yr5121,https://purl.stanford.edu/nd792yr5121,滿州五万分一圖 - Manshū gomanbun no ichi zu,36105221061885,10454760
G7822 .M2 S50 .J31 III-D-76,dd666vs5522,https://purl.stanford.edu/dd666vs5522,滿州五万分一圖 - Manshū gomanbun no ichi zu,36105221061893,10454760
G7822 .M2 S50 .J31 III-D-77,jy112hs4498,https://purl.stanford.edu/jy112hs4498,滿州五万分一圖 - Manshū gomanbun no ichi zu,36105221061901,10454760
G7822 .M2 S50 .J31 III-D-78,vn153pm7528,https://purl.stanford.edu/vn153pm7528,滿州五万分一圖 - Manshū gomanbun no ichi zu,36105221061919,10454760
G7822 .M2 S50 .J31 III-D-79,ff914fn8746,https://purl.stanford.edu/ff914fn8746,滿州五万分一圖 - Manshū gomanbun no ichi zu,36105221061927,10454760
G7822 .M2 S50 .J31 III-D-80,by631zs1419,https://purl.stanford.edu/by631zs1419,滿州五万分一圖 - Manshū gomanbun no ichi zu,36105221061935,10454760
G7822 .M2 S50 .J31 III-D-81,kf925jn3513,https://purl.stanford.edu/kf925jn3513,滿州五万分一圖 - Manshū gomanbun no ichi zu,36105221061943,10454760
G7822 .M2 S50 .J31 III-D-82,hs589cd6251,https://purl.stanford.edu/hs589cd6251,滿州五万分一圖 - Manshū gomanbun no ichi zu,36105221061950,10454760
G7822 .M2 S50 .J31 III-D-83,mv755np5860,https://purl.stanford.edu/mv755np5860,滿州五万分一圖 - Manshū gomanbun no ichi zu,36105221061968,10454760
G7822 .M2 S50 .J31 III-D-84,zq912cq7908,https://purl.stanford.edu/zq912cq7908,滿州五万分一圖 - Manshū gomanbun no ichi zu,36105221061976,10454760
G7822 .M2 S50 .J31 III-D-85,cx625jd8912,https://purl.stanford.edu/cx625jd8912,滿州五万分一圖 - Manshū gomanbun no ichi zu,36105221061984,10454760
G7822 .M2 S50 .J31 III-D-86,zt835sn1388,https://purl.stanford.edu/zt835sn1388,滿州五万分一圖 - Manshū gomanbun no ichi zu,36105221061992,10454760
G7822 .M2 S50 .J31 III-D-87,wv626xh2945,https://purl.stanford.edu/wv626xh2945,滿州五万分一圖 - Manshū gomanbun no ichi zu,36105221062008,10454760
G7822 .M2 S50 .J31 III-D-88,vd996vh2909,https://purl.stanford.edu/vd996vh2909,滿州五万分一圖 - Manshū gomanbun no ichi zu,36105221062016,10454760
G7822 .M2 S50 .J31 III-D-89,mm008cf5969,https://purl.stanford.edu/mm008cf5969,滿州五万分一圖 - Manshū gomanbun no ichi zu,36105221062024,10454760
G7822 .M2 S50 .J31 III-D-90,zs788jj7987,https://purl.stanford.edu/zs788jj7987,滿州五万分一圖 - Manshū gomanbun no ichi zu,36105221062032,10454760
G7822 .M2 S50 .J31 III-D-91,jp984vg3811,https://purl.stanford.edu/jp984vg3811,滿州五万分一圖 - Manshū gomanbun no ichi zu,36105221062040,10454760
G7822 .M2 S50 .J31 III-D-92,xd487zn7351,https://purl.stanford.edu/xd487zn7351,滿州五万分一圖 - Manshū gomanbun no ichi zu,36105221062057,10454760
G7822 .M2 S50 .J31 III-D-93,qz115zn6581,https://purl.stanford.edu/qz115zn6581,滿州五万分一圖 - Manshū gomanbun no ichi zu,36105221062065,10454760
G7822 .M2 S50 .J31 III-D-94,rg750sb5625,https://purl.stanford.edu/rg750sb5625,滿州五万分一圖 - Manshū gomanbun no ichi zu,36105221062073,10454760
G7822 .M2 S50 .J31 III-D-95,xs292sx1176,https://purl.stanford.edu/xs292sx1176,滿州五万分一圖 - Manshū gomanbun no ichi zu,36105221062081,10454760
G7822 .M2 S50 .J31 III-D-96,fy517nx2941,https://purl.stanford.edu/fy517nx2941,滿州五万分一圖 - Manshū gomanbun no ichi zu,36105221062099,10454760
G7822 .M2 S50 .J31 III-D-97,jb326hz8103,https://purl.stanford.edu/jb326hz8103,滿州五万分一圖 - Manshū gomanbun no ichi zu,36105221062107,10454760
G7822 .M2 S50 .J31 III-E-3,tn054my4988,https://purl.stanford.edu/tn054my4988,滿州五万分一圖 - Manshū gomanbun no ichi zu,36105221062115,10454760
G7822 .M2 S50 .J31 III-E-4,yq306dc2027,https://purl.stanford.edu/yq306dc2027,滿州五万分一圖 - Manshū gomanbun no ichi zu,36105221062123,10454760
G7822 .M2 S50 .J31 III-E-5,jf536jd6413,https://purl.stanford.edu/jf536jd6413,滿州五万分一圖 - Manshū gomanbun no ichi zu,36105221062131,10454760
G7822 .M2 S50 .J31 III-F-1,bw970sp4623,https://purl.stanford.edu/bw970sp4623,滿州五万分一圖 - Manshū gomanbun no ichi zu,36105221062149,10454760
G7822 .M2 S50 .J31 III-F-2,bz420jg1472,https://purl.stanford.edu/bz420jg1472,滿州五万分一圖 - Manshū gomanbun no ichi zu,36105221062156,10454760
G7822 .M2 S50 .J31 III-F-3,cw374gx7118,https://purl.stanford.edu/cw374gx7118,滿州五万分一圖 - Manshū gomanbun no ichi zu,36105221062164,10454760
G7822 .M2 S50 .J31 III-F-4,dz366cy1516,https://purl.stanford.edu/dz366cy1516,滿州五万分一圖 - Manshū gomanbun no ichi zu,36105221062172,10454760
G7822 .M2 S50 .J31 III-F-5,wv494qj3713,https://purl.stanford.edu/wv494qj3713,滿州五万分一圖 - Manshū gomanbun no ichi zu,36105221062180,10454760
G7822 .M2 S50 .J31 III-F-6,pt184ts8506,https://purl.stanford.edu/pt184ts8506,滿州五万分一圖 - Manshū gomanbun no ichi zu,36105221062198,10454760
G7822 .M2 S50 .J31 III-F-7,zp376qy6328,https://purl.stanford.edu/zp376qy6328,滿州五万分一圖 - Manshū gomanbun no ichi zu,36105221062206,10454760
G7822 .M2 S50 .J31 III-F-8,qr644fm6608,https://purl.stanford.edu/qr644fm6608,滿州五万分一圖 - Manshū gomanbun no ichi zu,36105221062214,10454760
G7822 .M2 S50 .J31 III-F-9,gk110bk8414,https://purl.stanford.edu/gk110bk8414,滿州五万分一圖 - Manshū gomanbun no ichi zu,36105221062222,10454760
G7822 .M2 S50 .J31 III-F-10,hx983jq0945,https://purl.stanford.edu/hx983jq0945,滿州五万分一圖 - Manshū gomanbun no ichi zu,36105221062230,10454760
G7822 .M2 S50 .J31 III-F-11,tg312gt8011,https://purl.stanford.edu/tg312gt8011,滿州五万分一圖 - Manshū gomanbun no ichi zu,36105221062248,10454760
G7822 .M2 S50 .J31 III-F-12,zz413fs6130,https://purl.stanford.edu/zz413fs6130,滿州五万分一圖 - Manshū gomanbun no ichi zu,36105221062255,10454760
G7822 .M2 S50 .J31 III-F-13,nq603kj6778,https://purl.stanford.edu/nq603kj6778,滿州五万分一圖 - Manshū gomanbun no ichi zu,36105221062263,10454760
G7822 .M2 S50 .J31 III-F-14,zg822pd4903,https://purl.stanford.edu/zg822pd4903,滿州五万分一圖 - Manshū gomanbun no ichi zu,36105221062271,10454760
G7822 .M2 S50 .J31 III-F-15,ss776wy2319,https://purl.stanford.edu/ss776wy2319,滿州五万分一圖 - Manshū gomanbun no ichi zu,36105221062289,10454760
G7822 .M2 S50 .J31 III-F-16,vx333fg2009,https://purl.stanford.edu/vx333fg2009,滿州五万分一圖 - Manshū gomanbun no ichi zu,36105221062297,10454760
G7822 .M2 S50 .J31 III-F-17,bk788vq6748,https://purl.stanford.edu/bk788vq6748,滿州五万分一圖 - Manshū gomanbun no ichi zu,36105221062305,10454760
G7822 .M2 S50 .J31 III-G-1,tj767vj9876,https://purl.stanford.edu/tj767vj9876,滿州五万分一圖 - Manshū gomanbun no ichi zu,36105221062313,10454760
G7822 .M2 S50 .J31 III-G-2,mh522pw0531,https://purl.stanford.edu/mh522pw0531,滿州五万分一圖 - Manshū gomanbun no ichi zu,36105221062321,10454760
G7822 .M2 S50 .J31 III-G-3,rp680sv1185,https://purl.stanford.edu/rp680sv1185,滿州五万分一圖 - Manshū gomanbun no ichi zu,36105221062339,10454760
G7822 .M2 S50 .J31 III-G-4,ct574vq5209,https://purl.stanford.edu/ct574vq5209,滿州五万分一圖 - Manshū gomanbun no ichi zu,36105221062347,10454760
G7822 .M2 S50 .J31 III-G-5,pc454vr7777,https://purl.stanford.edu/pc454vr7777,滿州五万分一圖 - Manshū gomanbun no ichi zu,36105221062354,10454760
G7822 .M2 S50 .J31 III-G-6,kq010np8779,https://purl.stanford.edu/kq010np8779,滿州五万分一圖 - Manshū gomanbun no ichi zu,36105221062362,10454760
G7822 .M2 S50 .J31 III-G-7,mm580xd4082,https://purl.stanford.edu/mm580xd4082,滿州五万分一圖 - Manshū gomanbun no ichi zu,36105221062370,10454760
G7822 .M2 S50 .J31 III-G-8,rj545zz1815,https://purl.stanford.edu/rj545zz1815,滿州五万分一圖 - Manshū gomanbun no ichi zu,36105221062388,10454760
G7822 .M2 S50 .J31 III-G-9,gz538jh5424,https://purl.stanford.edu/gz538jh5424,滿州五万分一圖 - Manshū gomanbun no ichi zu,36105221062396,10454760
G7822 .M2 S50 .J31 III-G-10,gc282sp7737,https://purl.stanford.edu/gc282sp7737,滿州五万分一圖 - Manshū gomanbun no ichi zu,36105221063006,10454760
G7822 .M2 S50 .J31 III-G-11,tr672yf0712,https://purl.stanford.edu/tr672yf0712,滿州五万分一圖 - Manshū gomanbun no ichi zu,36105221063014,10454760
G7822 .M2 S50 .J31 III-G-12,vn093ts8513,https://purl.stanford.edu/vn093ts8513,滿州五万分一圖 - Manshū gomanbun no ichi zu,36105221063022,10454760
G7822 .M2 S50 .J31 III-G-13,my645xs2275,https://purl.stanford.edu/my645xs2275,滿州五万分一圖 - Manshū gomanbun no ichi zu,36105221063030,10454760
G7822 .M2 S50 .J31 III-G-14,vb282mp1688,https://purl.stanford.edu/vb282mp1688,滿州五万分一圖 - Manshū gomanbun no ichi zu,36105221063048,10454760
G7822 .M2 S50 .J31 III-G-15,mv962bw1266,https://purl.stanford.edu/mv962bw1266,滿州五万分一圖 - Manshū gomanbun no ichi zu,36105221063055,10454760
G7822 .M2 S50 .J31 III-G-16,sr343hb6732,https://purl.stanford.edu/sr343hb6732,滿州五万分一圖 - Manshū gomanbun no ichi zu,36105221063063,10454760
G7822 .M2 S50 .J31 III-G-17,ww060fn2897,https://purl.stanford.edu/ww060fn2897,滿州五万分一圖 - Manshū gomanbun no ichi zu,36105221063071,10454760
G7822 .M2 S50 .J31 III-G-18,ty467sc4304,https://purl.stanford.edu/ty467sc4304,滿州五万分一圖 - Manshū gomanbun no ichi zu,36105221063089,10454760
G7822 .M2 S50 .J31 III-G-19,dr250mv5719,https://purl.stanford.edu/dr250mv5719,滿州五万分一圖 - Manshū gomanbun no ichi zu,36105221063097,10454760
G7822 .M2 S50 .J31 III-G-20,gv027pv8153,https://purl.stanford.edu/gv027pv8153,滿州五万分一圖 - Manshū gomanbun no ichi zu,36105221063105,10454760
G7822 .M2 S50 .J31 III-G-21,wt067dn2458,https://purl.stanford.edu/wt067dn2458,滿州五万分一圖 - Manshū gomanbun no ichi zu,36105221063113,10454760
G7822 .M2 S50 .J31 III-G-22,mn029yp4992,https://purl.stanford.edu/mn029yp4992,滿州五万分一圖 - Manshū gomanbun no ichi zu,36105221063121,10454760
G7822 .M2 S50 .J31 III-G-23,pn281qb6607,https://purl.stanford.edu/pn281qb6607,滿州五万分一圖 - Manshū gomanbun no ichi zu,36105221063139,10454760
G7822 .M2 S50 .J31 III-G-24,qn797cj8355,https://purl.stanford.edu/qn797cj8355,滿州五万分一圖 - Manshū gomanbun no ichi zu,36105221063147,10454760
G7822 .M2 S50 .J31 III-G-25,qj340hs7044,https://purl.stanford.edu/qj340hs7044,滿州五万分一圖 - Manshū gomanbun no ichi zu,36105221063154,10454760
G7822 .M2 S50 .J31 III-G-26,ch398fv4120,https://purl.stanford.edu/ch398fv4120,滿州五万分一圖 - Manshū gomanbun no ichi zu,36105221063162,10454760
G7822 .M2 S50 .J31 III-G-27,wr091cx3781,https://purl.stanford.edu/wr091cx3781,滿州五万分一圖 - Manshū gomanbun no ichi zu,36105221063170,10454760
G7822 .M2 S50 .J31 III-H-13,xf517fp4994,https://purl.stanford.edu/xf517fp4994,滿州五万分一圖 - Manshū gomanbun no ichi zu,36105221063188,10454760
G7822 .M2 S50 .J31 III-H-14,cs175cq6293,https://purl.stanford.edu/cs175cq6293,滿州五万分一圖 - Manshū gomanbun no ichi zu,36105221063196,10454760
G7822 .M2 S50 .J31 III-H-15,fp963zf3292,https://purl.stanford.edu/fp963zf3292,滿州五万分一圖 - Manshū gomanbun no ichi zu,36105221063204,10454760
G7822 .M2 S50 .J31 III-H-16,hp255xb5975,https://purl.stanford.edu/hp255xb5975,滿州五万分一圖 - Manshū gomanbun no ichi zu,36105221063212,10454760
G7822 .M2 S50 .J31 III-H-17,zh302cn5568,https://purl.stanford.edu/zh302cn5568,滿州五万分一圖 - Manshū gomanbun no ichi zu,36105221063220,10454760
G7822 .M2 S50 .J31 III-H-18,fc231ys2834,https://purl.stanford.edu/fc231ys2834,滿州五万分一圖 - Manshū gomanbun no ichi zu,36105221063238,10454760
G7822 .M2 S50 .J31 III-H-19,xq136nj9106,https://purl.stanford.edu/xq136nj9106,滿州五万分一圖 - Manshū gomanbun no ichi zu,36105221063246,10454760
G7822 .M2 S50 .J31 III-H-20,hn105tm8509,https://purl.stanford.edu/hn105tm8509,滿州五万分一圖 - Manshū gomanbun no ichi zu,36105221063253,10454760
G7822 .M2 S50 .J31 III-H-21,cz223hr9568,https://purl.stanford.edu/cz223hr9568,滿州五万分一圖 - Manshū gomanbun no ichi zu,36105221063261,10454760
G7822 .M2 S50 .J31 III-H-22,hh045yj6715,https://purl.stanford.edu/hh045yj6715,滿州五万分一圖 - Manshū gomanbun no ichi zu,36105221063279,10454760
G7822 .M2 S50 .J31 III-H-23,bt610rp3417,https://purl.stanford.edu/bt610rp3417,滿州五万分一圖 - Manshū gomanbun no ichi zu,36105221063287,10454760
G7822 .M2 S50 .J31 III-H-24,ms843tv7404,https://purl.stanford.edu/ms843tv7404,滿州五万分一圖 - Manshū gomanbun no ichi zu,36105221063295,10454760
G7822 .M2 S50 .J31 III-H-25,sr481ms0018,https://purl.stanford.edu/sr481ms0018,滿州五万分一圖 - Manshū gomanbun no ichi zu,36105221063303,10454760
G7822 .M2 S50 .J31 III-H-26,mn046wr9449,https://purl.stanford.edu/mn046wr9449,滿州五万分一圖 - Manshū gomanbun no ichi zu,36105221063311,10454760
G7822 .M2 S50 .J31 III-H-27,ns970rn5657,https://purl.stanford.edu/ns970rn5657,滿州五万分一圖 - Manshū gomanbun no ichi zu,36105221063329,10454760
G7822 .M2 S50 .J31 III-H-28,jb854fq4440,https://purl.stanford.edu/jb854fq4440,滿州五万分一圖 - Manshū gomanbun no ichi zu,36105221063337,10454760
G7822 .M2 S50 .J31 III-H-29,wx603kq4314,https://purl.stanford.edu/wx603kq4314,滿州五万分一圖 - Manshū gomanbun no ichi zu,36105221063345,10454760
G7822 .M2 S50 .J31 III-H-30,rp679nv3228,https://purl.stanford.edu/rp679nv3228,滿州五万分一圖 - Manshū gomanbun no ichi zu,36105221063352,10454760
G7822 .M2 S50 .J31 III-H-31,kj953pz1029,https://purl.stanford.edu/kj953pz1029,滿州五万分一圖 - Manshū gomanbun no ichi zu,36105221063360,10454760
G7822 .M2 S50 .J31 III-H-32,dz696rd9139,https://purl.stanford.edu/dz696rd9139,滿州五万分一圖 - Manshū gomanbun no ichi zu,36105221063378,10454760
G7822 .M2 S50 .J31 III-H-33,zc604hj0094,https://purl.stanford.edu/zc604hj0094,滿州五万分一圖 - Manshū gomanbun no ichi zu,36105221063386,10454760
G7822 .M2 S50 .J31 III-H-34,jt996xy0774,https://purl.stanford.edu/jt996xy0774,滿州五万分一圖 - Manshū gomanbun no ichi zu,36105221063394,10454760
G7822 .M2 S50 .J31 III-H-35,gp604vm0170,https://purl.stanford.edu/gp604vm0170,滿州五万分一圖 - Manshū gomanbun no ichi zu,36105221063402,10454760
G7822 .M2 S50 .J31 III-H-37,np614sk3074,https://purl.stanford.edu/np614sk3074,滿州五万分一圖 - Manshū gomanbun no ichi zu,36105221063410,10454760
G7822 .M2 S50 .J31 III-H-38,bf450gt5965,https://purl.stanford.edu/bf450gt5965,滿州五万分一圖 - Manshū gomanbun no ichi zu,36105221063428,10454760
G7822 .M2 S50 .J31 III-H-39,jj600wv8198,https://purl.stanford.edu/jj600wv8198,滿州五万分一圖 - Manshū gomanbun no ichi zu,36105221063436,10454760
G7822 .M2 S50 .J31 III-H-40,vj564jc7035,https://purl.stanford.edu/vj564jc7035,滿州五万分一圖 - Manshū gomanbun no ichi zu,36105221063444,10454760
G7822 .M2 S50 .J31 III-H-41,kh577cz1669,https://purl.stanford.edu/kh577cz1669,滿州五万分一圖 - Manshū gomanbun no ichi zu,36105221063451,10454760
G7822 .M2 S50 .J31 III-H-42,nm449pr6098,https://purl.stanford.edu/nm449pr6098,滿州五万分一圖 - Manshū gomanbun no ichi zu,36105221063469,10454760
G7822 .M2 S50 .J31 III-H-43,cw525fv8314,https://purl.stanford.edu/cw525fv8314,滿州五万分一圖 - Manshū gomanbun no ichi zu,36105221063477,10454760
G7822 .M2 S50 .J31 III-H-44,qz922hf1094,https://purl.stanford.edu/qz922hf1094,滿州五万分一圖 - Manshū gomanbun no ichi zu,36105221063485,10454760
G7822 .M2 S50 .J31 III-H-45,nn646wv8286,https://purl.stanford.edu/nn646wv8286,滿州五万分一圖 - Manshū gomanbun no ichi zu,36105221063493,10454760
G7822 .M2 S50 .J31 III-H-46,rh153db4190,https://purl.stanford.edu/rh153db4190,滿州五万分一圖 - Manshū gomanbun no ichi zu,36105221063501,10454760
G7822 .M2 S50 .J31 III-H-47,ms128sv1722,https://purl.stanford.edu/ms128sv1722,滿州五万分一圖 - Manshū gomanbun no ichi zu,36105221063519,10454760
G7822 .M2 S50 .J31 III-H-48,hv305fw5937,https://purl.stanford.edu/hv305fw5937,滿州五万分一圖 - Manshū gomanbun no ichi zu,36105221063527,10454760
G7822 .M2 S50 .J31 III-H-49,mb871sw8788,https://purl.stanford.edu/mb871sw8788,滿州五万分一圖 - Manshū gomanbun no ichi zu,36105221063535,10454760
G7822 .M2 S50 .J31 III-H-50,hh087tk4243,https://purl.stanford.edu/hh087tk4243,滿州五万分一圖 - Manshū gomanbun no ichi zu,36105221063543,10454760
G7822 .M2 S50 .J31 III-H-51,rc039fd7289,https://purl.stanford.edu/rc039fd7289,滿州五万分一圖 - Manshū gomanbun no ichi zu,36105221063550,10454760
G7822 .M2 S50 .J31 III-H-52,vz737fy6978,https://purl.stanford.edu/vz737fy6978,滿州五万分一圖 - Manshū gomanbun no ichi zu,36105221063568,10454760
G7822 .M2 S50 .J31 III-H-53,xr591bw7681,https://purl.stanford.edu/xr591bw7681,滿州五万分一圖 - Manshū gomanbun no ichi zu,36105221063576,10454760
G7822 .M2 S50 .J31 III-H-54,hs794xv8853,https://purl.stanford.edu/hs794xv8853,滿州五万分一圖 - Manshū gomanbun no ichi zu,36105221063584,10454760
G7822 .M2 S50 .J31 III-H-55,ny291by9291,https://purl.stanford.edu/ny291by9291,滿州五万分一圖 - Manshū gomanbun no ichi zu,36105221063592,10454760
G7822 .M2 S50 .J31 III-H-56,qh143mw9417,https://purl.stanford.edu/qh143mw9417,滿州五万分一圖 - Manshū gomanbun no ichi zu,36105221063600,10454760
G7822 .M2 S50 .J31 III-H-57,mh920vk8693,https://purl.stanford.edu/mh920vk8693,滿州五万分一圖 - Manshū gomanbun no ichi zu,36105221063618,10454760
G7822 .M2 S50 .J31 III-H-58,yy575vm9042,https://purl.stanford.edu/yy575vm9042,滿州五万分一圖 - Manshū gomanbun no ichi zu,36105221063626,10454760
G7822 .M2 S50 .J31 III-H-59,jd351sx2941,https://purl.stanford.edu/jd351sx2941,滿州五万分一圖 - Manshū gomanbun no ichi zu,36105221063634,10454760
G7822 .M2 S50 .J31 III-H-60,pf850dg9033,https://purl.stanford.edu/pf850dg9033,滿州五万分一圖 - Manshū gomanbun no ichi zu,36105221063642,10454760
G7822 .M2 S50 .J31 III-H-61,xx190sc1827,https://purl.stanford.edu/xx190sc1827,滿州五万分一圖 - Manshū gomanbun no ichi zu,36105221063659,10454760
G7822 .M2 S50 .J31 III-H-62,yz749cy1533,https://purl.stanford.edu/yz749cy1533,滿州五万分一圖 - Manshū gomanbun no ichi zu,36105221063667,10454760
G7822 .M2 S50 .J31 III-H-63,xd878xb4277,https://purl.stanford.edu/xd878xb4277,滿州五万分一圖 - Manshū gomanbun no ichi zu,36105221063675,10454760
G7822 .M2 S50 .J31 III-H-64,tg117nh2934,https://purl.stanford.edu/tg117nh2934,滿州五万分一圖 - Manshū gomanbun no ichi zu,36105221063683,10454760
G7822 .M2 S50 .J31 IV-A-6,qp197nc7947,https://purl.stanford.edu/qp197nc7947,滿州五万分一圖 - Manshū gomanbun no ichi zu,36105221063691,10454760
G7822 .M2 S50 .J31 IV-A-7,bx819mf2005,https://purl.stanford.edu/bx819mf2005,滿州五万分一圖 - Manshū gomanbun no ichi zu,36105221063709,10454760
G7822 .M2 S50 .J31 IV-A-10,hv959vr4541,https://purl.stanford.edu/hv959vr4541,滿州五万分一圖 - Manshū gomanbun no ichi zu,36105221063717,10454760
G7822 .M2 S50 .J31 IV-A-11,xs559gt0414,https://purl.stanford.edu/xs559gt0414,滿州五万分一圖 - Manshū gomanbun no ichi zu,36105221063725,10454760
G7822 .M2 S50 .J31 IV-A-12,kb340xq5061,https://purl.stanford.edu/kb340xq5061,滿州五万分一圖 - Manshū gomanbun no ichi zu,36105221063733,10454760
G7822 .M2 S50 .J31 IV-A-13,cv959gh4527,https://purl.stanford.edu/cv959gh4527,滿州五万分一圖 - Manshū gomanbun no ichi zu,36105221063741,10454760
G7822 .M2 S50 .J31 IV-A-14,mx215rr7617,https://purl.stanford.edu/mx215rr7617,滿州五万分一圖 - Manshū gomanbun no ichi zu,36105221063758,10454760
G7822 .M2 S50 .J31 IV-A-15,bz708tv0106,https://purl.stanford.edu/bz708tv0106,滿州五万分一圖 - Manshū gomanbun no ichi zu,36105221063766,10454760
G7822 .M2 S50 .J31 IV-A-16,mq308kz6225,https://purl.stanford.edu/mq308kz6225,滿州五万分一圖 - Manshū gomanbun no ichi zu,36105221063774,10454760
G7822 .M2 S50 .J31 IV-A-20,vk814wf4746,https://purl.stanford.edu/vk814wf4746,滿州五万分一圖 - Manshū gomanbun no ichi zu,36105221063782,10454760
G7822 .M2 S50 .J31 IV-A-21,rc047vv7058,https://purl.stanford.edu/rc047vv7058,滿州五万分一圖 - Manshū gomanbun no ichi zu,36105221063790,10454760
G7822 .M2 S50 .J31 IV-A-22,nr225sr6982,https://purl.stanford.edu/nr225sr6982,滿州五万分一圖 - Manshū gomanbun no ichi zu,36105221063808,10454760
G7822 .M2 S50 .J31 IV-A-23,fx475jf8360,https://purl.stanford.edu/fx475jf8360,滿州五万分一圖 - Manshū gomanbun no ichi zu,36105221063816,10454760
G7822 .M2 S50 .J31 IV-A-24,qr541vy9262,https://purl.stanford.edu/qr541vy9262,滿州五万分一圖 - Manshū gomanbun no ichi zu,36105221063824,10454760
G7822 .M2 S50 .J31 IV-A-25,xr182xs7734,https://purl.stanford.edu/xr182xs7734,滿州五万分一圖 - Manshū gomanbun no ichi zu,36105221063832,10454760
G7822 .M2 S50 .J31 IV-A-26,xm365rg6708,https://purl.stanford.edu/xm365rg6708,滿州五万分一圖 - Manshū gomanbun no ichi zu,36105221063840,10454760
G7822 .M2 S50 .J31 IV-A-29,wb248bf5353,https://purl.stanford.edu/wb248bf5353,滿州五万分一圖 - Manshū gomanbun no ichi zu,36105221063857,10454760
G7822 .M2 S50 .J31 IV-A-30,yc657nz1462,https://purl.stanford.edu/yc657nz1462,滿州五万分一圖 - Manshū gomanbun no ichi zu,36105221063865,10454760
G7822 .M2 S50 .J31 IV-A-31,ys975yv8802,https://purl.stanford.edu/ys975yv8802,滿州五万分一圖 - Manshū gomanbun no ichi zu,36105221063873,10454760
G7822 .M2 S50 .J31 IV-A-32,qx989zq8886,https://purl.stanford.edu/qx989zq8886,滿州五万分一圖 - Manshū gomanbun no ichi zu,36105221063881,10454760
G7822 .M2 S50 .J31 IV-A-34,pk773sg6142,https://purl.stanford.edu/pk773sg6142,滿州五万分一圖 - Manshū gomanbun no ichi zu,36105221063899,10454760
G7822 .M2 S50 .J31 IV-A-35,vn370kt9553,https://purl.stanford.edu/vn370kt9553,滿州五万分一圖 - Manshū gomanbun no ichi zu,36105221063907,10454760
G7822 .M2 S50 .J31 IV-A-39,nf510dw3105,https://purl.stanford.edu/nf510dw3105,滿州五万分一圖 - Manshū gomanbun no ichi zu,36105221063915,10454760
G7822 .M2 S50 .J31 IV-A-40,bc852yf2475,https://purl.stanford.edu/bc852yf2475,滿州五万分一圖 - Manshū gomanbun no ichi zu,36105221063923,10454760
G7822 .M2 S50 .J31 IV-A-41,sn175jm2058,https://purl.stanford.edu/sn175jm2058,滿州五万分一圖 - Manshū gomanbun no ichi zu,36105221063931,10454760
G7822 .M2 S50 .J31 IV-A-42,zd379hv3208,https://purl.stanford.edu/zd379hv3208,滿州五万分一圖 - Manshū gomanbun no ichi zu,36105221063949,10454760
G7822 .M2 S50 .J31 IV-A-43,hc038vb1714,https://purl.stanford.edu/hc038vb1714,滿州五万分一圖 - Manshū gomanbun no ichi zu,36105221063956,10454760
G7822 .M2 S50 .J31 IV-A-44,xx927sp7412,https://purl.stanford.edu/xx927sp7412,滿州五万分一圖 - Manshū gomanbun no ichi zu,36105221063964,10454760
G7822 .M2 S50 .J31 IV-A-45,qy577cn6043,https://purl.stanford.edu/qy577cn6043,滿州五万分一圖 - Manshū gomanbun no ichi zu,36105221063972,10454760
G7822 .M2 S50 .J31 IV-A-47,jq819nb1663,https://purl.stanford.edu/jq819nb1663,滿州五万分一圖 - Manshū gomanbun no ichi zu,36105221063980,10454760
G7822 .M2 S50 .J31 IV-A-50,hh107mc4523,https://purl.stanford.edu/hh107mc4523,滿州五万分一圖 - Manshū gomanbun no ichi zu,36105221063998,10454760
G7822 .M2 S50 .J31 IV-A-51,jd537yz4458,https://purl.stanford.edu/jd537yz4458,滿州五万分一圖 - Manshū gomanbun no ichi zu,36105221064004,10454760
G7822 .M2 S50 .J31 IV-A-52,fz044yr1419,https://purl.stanford.edu/fz044yr1419,滿州五万分一圖 - Manshū gomanbun no ichi zu,36105221064012,10454760
G7822 .M2 S50 .J31 IV-A-53,wg508td6147,https://purl.stanford.edu/wg508td6147,滿州五万分一圖 - Manshū gomanbun no ichi zu,36105221064020,10454760
G7822 .M2 S50 .J31 IV-A-54,ms909jt8694,https://purl.stanford.edu/ms909jt8694,滿州五万分一圖 - Manshū gomanbun no ichi zu,36105221064038,10454760
G7822 .M2 S50 .J31 IV-A-55,dq572kz3291,https://purl.stanford.edu/dq572kz3291,滿州五万分一圖 - Manshū gomanbun no ichi zu,36105221064046,10454760
G7822 .M2 S50 .J31 IV-A-61,nm023rr4302,https://purl.stanford.edu/nm023rr4302,滿州五万分一圖 - Manshū gomanbun no ichi zu,36105221064053,10454760
G7822 .M2 S50 .J31 IV-A-62,kw503gw2841,https://purl.stanford.edu/kw503gw2841,滿州五万分一圖 - Manshū gomanbun no ichi zu,36105221064061,10454760
G7822 .M2 S50 .J31 IV-A-63,hv963sd2870,https://purl.stanford.edu/hv963sd2870,滿州五万分一圖 - Manshū gomanbun no ichi zu,36105221064079,10454760
G7822 .M2 S50 .J31 IV-A-64,gj380qb5035,https://purl.stanford.edu/gj380qb5035,滿州五万分一圖 - Manshū gomanbun no ichi zu,36105221064087,10454760
G7822 .M2 S50 .J31 IV-B-4,pm462sb0812,https://purl.stanford.edu/pm462sb0812,滿州五万分一圖 - Manshū gomanbun no ichi zu,36105221064095,10454760
G7822 .M2 S50 .J31 IV-B-5,yv146jy7127,https://purl.stanford.edu/yv146jy7127,滿州五万分一圖 - Manshū gomanbun no ichi zu,36105221064103,10454760
G7822 .M2 S50 .J31 IV-B-6,zn018vc8630,https://purl.stanford.edu/zn018vc8630,滿州五万分一圖 - Manshū gomanbun no ichi zu,36105221064111,10454760
G7822 .M2 S50 .J31 IV-B-7,ks083ft3867,https://purl.stanford.edu/ks083ft3867,滿州五万分一圖 - Manshū gomanbun no ichi zu,36105221064129,10454760
G7822 .M2 S50 .J31 IV-B-9,wz236bz9806,https://purl.stanford.edu/wz236bz9806,滿州五万分一圖 - Manshū gomanbun no ichi zu,36105221064137,10454760
G7822 .M2 S50 .J31 IV-B-10,fz377wm3548,https://purl.stanford.edu/fz377wm3548,滿州五万分一圖 - Manshū gomanbun no ichi zu,36105221064145,10454760
G7822 .M2 S50 .J31 IV-B-11,wq471ym8078,https://purl.stanford.edu/wq471ym8078,滿州五万分一圖 - Manshū gomanbun no ichi zu,36105221064152,10454760
G7822 .M2 S50 .J31 V-A-1,xn503tf3411,https://purl.stanford.edu/xn503tf3411,滿州五万分一圖 - Manshū gomanbun no ichi zu,36105221064160,10454760
G7822 .M2 S50 .J31 V-A-4,hr049gt8149,https://purl.stanford.edu/hr049gt8149,滿州五万分一圖 - Manshū gomanbun no ichi zu,36105221064178,10454760
G7822 .M2 S50 .J31 V-A-5,jv524nv4920,https://purl.stanford.edu/jv524nv4920,滿州五万分一圖 - Manshū gomanbun no ichi zu,36105221064186,10454760
G7822 .M2 S50 .J31 V-A-6,jg709cv9449,https://purl.stanford.edu/jg709cv9449,滿州五万分一圖 - Manshū gomanbun no ichi zu,36105221064194,10454760
G7822 .M2 S50 .J31 V-A-9,gx712zw4543,https://purl.stanford.edu/gx712zw4543,滿州五万分一圖 - Manshū gomanbun no ichi zu,36105221064202,10454760
G7822 .M2 S50 .J31 V-A-10,rn678zy9040,https://purl.stanford.edu/rn678zy9040,滿州五万分一圖 - Manshū gomanbun no ichi zu,36105221064210,10454760
G7822 .M2 S50 .J31 V-A-11,ys980yg0658,https://purl.stanford.edu/ys980yg0658,滿州五万分一圖 - Manshū gomanbun no ichi zu,36105221064228,10454760
G7822 .M2 S50 .J31 V-A-14,kf060ms1041,https://purl.stanford.edu/kf060ms1041,滿州五万分一圖 - Manshū gomanbun no ichi zu,36105221064236,10454760
G7822 .M2 S50 .J31 V-A-15,mw974hm3215,https://purl.stanford.edu/mw974hm3215,滿州五万分一圖 - Manshū gomanbun no ichi zu,36105221064244,10454760
G7822 .M2 S50 .J31 V-A-16,gc861sw9916,https://purl.stanford.edu/gc861sw9916,滿州五万分一圖 - Manshū gomanbun no ichi zu,36105221064251,10454760
G7822 .M2 S50 .J31 V-A-19,kj923bz6067,https://purl.stanford.edu/kj923bz6067,滿州五万分一圖 - Manshū gomanbun no ichi zu,36105221064269,10454760
G7822 .M2 S50 .J31 V-A-20,pv490sp5178,https://purl.stanford.edu/pv490sp5178,滿州五万分一圖 - Manshū gomanbun no ichi zu,36105221064277,10454760
G7822 .M2 S50 .J31 V-A-21,xy097hf7800,https://purl.stanford.edu/xy097hf7800,滿州五万分一圖 - Manshū gomanbun no ichi zu,36105221064285,10454760
G7822 .M2 S50 .J31 V-A-24,yp541zc5914,https://purl.stanford.edu/yp541zc5914,滿州五万分一圖 - Manshū gomanbun no ichi zu,36105221064293,10454760
G7822 .M2 S50 .J31 V-A-25,nh469vn2563,https://purl.stanford.edu/nh469vn2563,滿州五万分一圖 - Manshū gomanbun no ichi zu,36105221064301,10454760
G7822 .M2 S50 .J31 V-A-29,rf171jx1890,https://purl.stanford.edu/rf171jx1890,滿州五万分一圖 - Manshū gomanbun no ichi zu,36105221064319,10454760
G7822 .M2 S50 .J31 V-A-30,vw321nd5970,https://purl.stanford.edu/vw321nd5970,滿州五万分一圖 - Manshū gomanbun no ichi zu,36105221064327,10454760
G7822 .M2 S50 .J31 V-A-34,yf934tv5343,https://purl.stanford.edu/yf934tv5343,滿州五万分一圖 - Manshū gomanbun no ichi zu,36105221064335,10454760
G7822 .M2 S50 .J31 V-A-35,dd995br9646,https://purl.stanford.edu/dd995br9646,滿州五万分一圖 - Manshū gomanbun no ichi zu,36105221064343,10454760
